SEQN,gender_code,age_years,race_code,household_size,gender
93703,2,2,6,5,F
2,3,1,,0,
2,,1,,2,
1,15,,1,2,
,1,1,2,1.88,M
2,2,2,1,2,F
2,,,0,3,
,1,0,2,,M
0,3,3,11178.2601,12,
1,29040.4966,30336.6543,4,1,
166841.6607,6,6,10,2,
7,10,2,,2,
2,,5,,0,
3,,1,1,2,
2,1,,5,20257.0115,M
,,,2,14,
,2,1,,10,F
2,2,2,2,,F
2,1,1,1,,M
2,1,1,1,1,M
2,1,2,2,,M
3,1,139,5,2,M
148,1.85,93727,1,1,
93728,1,53,4,2,M
42,4,1,,0,
2,,2,,2,
1,,4,1,2,
3,1,2,2,1.13,M
1,2,2,2,1,F
2,,,0,2,
,0,1,3,,
2,2,2,19019.0787,3,F
2,14253.761,15418.4875,1,1,
59094.0994,15,15,10,2,
8,10,2,,2,
2,,5,111,0,
4,,1,1,4,
2,1,,6,102288.7345,M
,,,2,7,
,2,1,,10,F
1,1,2,1,,M
2,4,4,1,8,
3,0,2,1,1,
1,1,2,2,1,M
3,2,134,5,2,F
144,0.04,93752,2,1,
93753,2,10,3,5,F
72,2,2,,1,F
1,,1,,3,
1,,5,1,2,
4,1,2,2,2.59,M
2,2,2,2,1,F
2,2,1,0,1,F
2,0,0,3,,
2,3,2,18939.4505,,
2,23713.1479,26249.5864,3,1,
100887.8594,14,14,10,2,
6,10,2,,2,
2,,2,,0,
2,,2,1,4,
1,1,,1,14720.1339,M
,,,2,15,
,2,2,2,10,F
1,,,7,,
2,1,1,0,,M
2,1,1,2,1,M
1,1,2,1,1,M
,1,137,3.73,2,M
144,1.18,93777,2,1,
93778,2,19,4,3,F
10,7,1,,0,
2,,1,,1,
2,,1,2,2,
4,1,2,2,4.65,M
2,2,2,2,2,F
2,,,1,3,
,0,0,4,,
1,2,1,3933.0593,7,F
2,11990.7647,12763.4416,2,1,
149491.3776,15,15,10,2,
14,10,2,,,
2,,5,,0,
2,,2,1,2,
,1,,,17613.3837,M
8,4,,2,15,
,2,1,1,10,F
1,,,1,,
2,2,2,0,,F
4,3,2,1,1,
1,2,,1,3,F
,1,134,2.8,2,M
134,5,93802,2,,
93803,1,12,4,6,M
1,3,2,,0,
2,,1,,1,
2,,5,1,1,
,1,1,2,4.66,M
1,2,2,2,1,F
2,,,2,4,
1,0,1,1,,
1,2,2,19204.1318,,F
3,251030.6852,276495.9554,14,2,
23420.8677,7,7,10,2,
15,10,2,,2,
2,,2,,0,
5,,2,2,3,
,1,,,22838.5856,M
1,2,,2,6,F
,2,1,1,10,F
1,1,2,7,,M
,4,4,0,,
2,1,2,1,2,M
1,1,2,2,2,M
,2,139,1.82,2,F
147,2.33,93827,2,1,
93828,2,2,3,3,F
38,4,1,,0,
2,1,1,,1,M
1,,1,1,2,
4,1,2,2,5,M
1,2,2,,2,F
2,2,1,0,4,F
,0,1,3,,
2,2,2,34208.2568,,F
2,37632.3242,37121.3664,5,1,
29406.1595,,,10,,
,10,2,,2,
2,,5,,0,
4,25,,1,2,
2,1,,1,69827.1017,M
,,,2,1,
2,2,1,1,10,F
1,1,2,3,,M
2,4,4,1,,
2,2,1,3,1,F
1,1,3,2,4,M
,1,134,4.86,2,M
135,5,93852,2,1,
93853,1,50,1,7,M
0,3,1,,0,
2,1,1,,3,M
1,,4,1,2,
,1,1,2,2.06,M
2,2,2,2,1,F
2,2,,0,1,F
,0,0,3,1,
0,4,1,54542.1065,,
2,12991.8048,14020.3334,14,1,
19227.6845,77,77,10,2,
1,10,2,4,,
2,,3,,0,
1,26,,1,2,
2,1,,1,10941.4238,M
,5,,2,12,
2,2,1,1,10,F
1,1,2,2,13,M
,6,6,0,196,
6,0,2,1,1,
2,1,,1,5,M
,2,135,0.58,2,F
135,0.69,93877,1,1,
93878,2,59,4,1,F
7,3,1,,1,
2,,1,,1,
1,2,,2,1,F
4,1,2,2,,M
2,2,2,2,1,F
2,2,1,0,4,F
,0,3,2,,
0,4,2,9284.7477,,
2,16544.7198,17784.0467,4,1,
11574.4091,15,15,10,2,
4,10,2,,2,
2,,1,,2,
3,,2,1,4,
1,1,,1,8856.2723,M
,3,,2,13,
,2,1,1,10,F
1,1,2,7,,M
2,2,2,0,69,F
7,0,2,2,1,
1,1,1,2,1,M
1,2,144,1.29,2,F
141,1.16,93902,2,,
93903,1,62,3,2,M
10,7,2,,0,
1,,1,10,1,
1,,2,1,2,
3,1,2,2,2.49,M
2,2,1,,1,F
2,2,1,0,3,F
,0,0,4,,
1,3,2,50385.4442,,
2,41682.9474,43609.5737,,1,
16056.0199,12,12,10,2,
15,10,2,,2,
2,,5,,0,
3,172,,1,2,
2,1,,6,39038.2084,M
,,,2,15,
,2,1,1,10,F
1,,,3,,
2,3,3,0,,
5,0,2,1,1,
2,2,,1,,F
2,1,141,3.47,2,M
145,2.03,93927,2,1,
93928,1,11,3,4,M
35,3,1,,0,
2,,2,,,
1,,2,1,1,
5,1,2,2,5,M
1,2,2,,2,F
2,,,2,1,
2,1,0,3,,M
0,2,2,11102.4636,,F
2,65415.166,65454.832,9,1,
97243.9771,10,10,10,2,
7,10,2,,2,
2,,5,,3,
3,,2,1,3,
2,1,,2,29092.0671,M
,,,2,5,
,2,1,1,10,F
1,1,2,2,,M
2,2,2,0,160,F
1,0,2,3,2,
2,1,,1,1,M
,2,148,3.32,2,F
144,1.04,93952,2,,
93953,1,26,7,5,M
24,3,2,,0,
1,,1,,2,
1,1,,1,1,M
4,1,2,2,1.99,M
1,2,2,,2,F
2,2,1,0,4,F
1,0,0,4,,
1,3,3,16400.9663,,
3,16662.5671,17064.6976,15,1,
8485.3691,6,6,10,2,
15,10,2,,2,
2,0,3,1,2,
3,17,,1,2,
2,1,,6,14954.7901,M
,4,2,2,4,
,2,1,1,10,F
1,1,2,5,,M
2,3,3,0,176,
5,0,2,3,1,
1,2,,1,3,F
,2,148,1.68,2,F
140,0.25,93977,2,,
93978,1,57,6,2,M
16,3,2,,0,
1,,1,,3,
2,,5,1,1,
5,1,2,2,0,M
2,2,2,2,2,F
2,2,1,1,2,F
2,2,0,4,,F
2,2,2,11200.8657,,F
1,22970.9973,22831.7857,7,1,
104437.3976,4,4,10,2,
15,10,2,,2,
2,,2,155,1,
5,154,,1,3,
,1,,,15820.5032,M
,,,2,2,
,2,1,1,10,F
2,,,7,,
,7,7,0,,
4,0,2,2,1,
1,1,3,2,3,M
,2,147,3.03,2,F
144,,94002,2,1,
94003,2,75,1,1,F
25,6,1,,0,
1,,1,1,1,
1,6,,1,1,
3,1,2,2,3.73,M
2,2,2,2,2,F
2,2,,1,3,F
,0,0,4,,
2,3,3,11579.678,,
2,124613.3046,125331.6036,8,1,
32116.9261,14,14,10,2,
15,10,2,,2,
2,,5,,0,
3,,2,1,3,
,1,,,7712.9466,M
,1,,2,14,M
,2,1,,10,F
1,1,2,2,23,M
,4,4,0,,
4,0,1,1,1,
2,2,,1,,F
3,1,148,4.55,2,M
137,,94027,1,2,
94028,2,39,2,2,F
46,3,2,,0,
1,,1,,1,
1,,2,1,2,
,1,1,2,0.59,M
2,2,2,2,2,F
2,2,2,0,7,F
1,1,2,2,,M
3,3,2,15093.7494,,
3,9694.0295,9807.453,15,1,
47926.3524,4,4,10,2,
15,10,2,,2,
2,,2,,0,
5,,2,1,2,
2,1,7,1,10627.9897,M
,1,2,2,15,M
,2,2,2,10,F
1,2,2,4,,F
2,5,5,0,,
1,1,1,2,1,M
2,3,,1,3,
,2,146,1.01,2,F
142,5,94052,1,,
94053,2,62,4,7,F
50,1,2,,2,M
1,1,1,,2,M
1,2,,1,1,F
2,1,2,2,3.15,M
2,2,2,2,2,F
2,2,2,0,3,F
1,0,0,3,,
2,2,1,27994.9043,,F
2,27708.0328,29825.1655,15,1,
16946.3945,2,2,10,2,F
4,10,2,,2,
2,18,3,19,3,
1,,2,2,3,
2,1,,1,148118.3657,M
,1,,2,9,M
,2,1,1,10,F
1,,,3,2,
,4,4,0,,
1,1,1,2,1,M
1,2,,2,,F
,2,140,0.68,2,F
137,0.31,94077,2,,
94078,2,19,3,4,F
0,1,1,,0,M
2,,1,,1,
2,,5,1,1,
4,1,2,2,5,M
1,2,2,,2,F
1,1,3,0,7,M
,0,0,4,,
0,4,2,32904.993,13,
2,62924.1078,61809.6966,2,1,
21839.0109,14,14,10,2,
2,10,2,,2,
2,,1,140,0,
1,,2,1,3,
2,2,1,1,144022.5898,F
,,,2,14,
,2,1,1,10,F
1,1,2,2,,M
2,4,4,1,,
2,0,2,3,1,
2,1,2,2,,M
1,2,141,1.19,2,F
138,5,94102,1,,
94103,1,7,3,3,M
7,1,1,,0,M
2,,1,,1,
2,12,,1,2,
,1,1,2,2.43,M
2,2,2,2,2,F
2,2,1,0,3,F
,2,0,2,,F
1,2,2,16795.83,,F
3,41907.7707,54130.7348,7,1,
72777.305,6,6,10,2,
99,10,2,17,,
2,,3,,0,
3,,2,1,3,
2,1,7,1,19035.2179,M
,3,,2,10,
,2,1,,10,F
1,1,2,4,,M
2,3,1,0,,
4,0,1,3,2,
2,1,1,1,,M
1,2,145,1,2,F
147,1.54,94127,2,1,
94128,1,35,4,1,M
7,4,2,,1,
1,,1,,3,
1,,4,1,1,
,1,1,2,0,M
2,2,2,2,2,F
2,2,2,0,2,F
1,1,0,2,,M
3,2,2,32362.601,,F
3,40737.6044,46448.729,15,1,
10839.0714,15,15,10,2,
4,10,2,,2,
2,,4,,0,
5,69,,1,2,
,1,,,7903.7752,M
,,,2,6,
,2,2,1,10,F
1,,,6,,
,2,2,2,219,F
4,0,1,1,1,
2,2,,1,1,F
1,2,146,1.75,2,F
139,5,94152,2,1,
94153,1,10,7,6,M
80,3,1,,2,
1,,1,,1,
1,,3,1,2,
3,1,2,2,5,M
2,2,1,2,2,F
2,2,1,0,3,F
1,2,1,3,,F
0,3,1,5559.5096,,
1,7806.9396,8447.1809,3,1,
21026.8137,8,8,10,2,
6,10,2,,2,
2,,3,,0,
5,210,2,1,4,
2,2,2,1,11262.0184,F
2,5,,1,15,
,2,,,10,F
1,1,2,5,,M
,4,4,0,,
6,1,2,2,2,M
2,1,1,2,1,M
2,2,139,1.46,2,F
135,3.48,94177,2,2,
94178,1,34,3,5,M
72,3,2,,2,
2,,1,0,1,
2,,3,1,1,
5,1,2,2,5,M
2,2,2,2,1,F
2,2,,0,1,F
,1,3,3,,M
3,3,3,12289.4894,,
3,20985.3242,26451.3653,15,1,
0,6,6,10,2,
7,10,2,,2,
2,,3,33,2,
3,,2,1,3,
2,1,,3,24273.1289,M
,,,2,6,
,2,1,1,10,F
1,,,7,,
2,4,4,0,,
3,2,1,1,2,F
1,1,1,2,5,M
2,2,144,3.59,2,F
148,,94202,1,1,
94203,1,2,2,4,M
80,3,,1,2,
2,,1,,1,
2,,5,1,2,
2,1,2,2,0.76,M
2,2,2,2,2,F
2,,,1,4,
,0,0,4,,
0,2,3,104530.7049,,F
2,10410.6421,11393.962,10,1,
0,4,4,10,2,
14,10,2,0,,
2,,4,,0,
5,217,2,1,3,
,1,,,28525.3229,M
,5,2,2,12,
,2,1,1,10,F
1,,,2,,
,3,3,0,,
3,0,2,1,1,
2,2,,1,,F
1,2,137,1.36,2,F
145,1.82,94227,1,1,
94228,2,0,1,7,F
69,4,1,,1,
2,,1,8,3,
1,,4,1,1,
5,1,2,2,5,M
2,2,2,2,2,F
2,2,,0,3,F
1,0,0,1,,
0,2,1,11297.4765,,F
3,257751.3084,276067.6586,15,1,
23088.1612,15,15,10,2,
14,10,1,,,
2,,5,,0,
4,,2,1,4,
2,1,,1,12732.0386,M
,2,,2,6,F
2,2,1,1,10,F
1,,,4,,
2,2,2,0,,F
3,0,2,3,1,
2,2,,1,1,F
2,2,139,3.37,2,F
145,2.79,94252,1,1,
94253,2,70,7,2,F
8,6,2,,0,
1,,1,,1,
1,3,,1,2,
,1,1,2,3.86,M
2,2,2,2,2,F
2,2,1,0,6,F
,0,0,3,,
0,4,3,18594.1792,,
2,63101.4793,80781.5644,6,1,
46467.1364,7,7,10,2,
14,10,2,,2,
2,,2,,0,
5,,2,1,4,
,1,,,24897.5486,M
,,,2,9,
,2,2,2,10,F
1,1,2,2,,M
2,4,4,0,,
2,2,1,1,1,F
1,1,3,1,1,M
2,2,140,3.85,1,F
135,2.59,94277,2,2,
94278,1,62,6,2,M
39,6,2,,0,
1,,1,2,,
1,,3,1,2,
,1,2,2,0.6,M
2,2,2,2,2,F
2,,,0,2,
1,0,1,2,,
0,4,3,20187.1149,,
3,219851.922,231078.4288,15,1,
0,5,5,10,2,
7,10,2,,2,
2,,1,,2,
5,175,,1,3,
2,1,,1,134587.1204,M
,,,2,99,
,1,1,1,10,M
1,,,3,,
,3,3,0,,
2,2,1,1,1,F
2,2,,1,2,F
,2,142,3.87,2,F
135,1.79,94302,2,1,
94303,1,65,2,5,M
40,6,2,,0,
2,,1,13,1,
1,,4,1,2,
,1,1,2,1.82,M
1,2,2,2,2,F
2,1,,0,6,M
,1,0,2,,M
0,3,2,13540.5567,8,
2,16944.9583,17546.2315,6,1,
32009.877,9,9,10,2,
7,10,2,2,,
1,9,4,,2,
5,131,,1,4,
,1,,,25066.2848,M
5,1,,2,15,M
,2,1,1,10,F
1,1,2,2,,M
,5,1,0,,
4,1,1,1,1,M
2,2,,1,3,F
2,2,140,1.11,2,F
140,5,94327,1,1,
94328,2,29,6,5,F
6,4,1,,0,
2,,1,,1,
1,,,1,1,
1,1,2,2,0.03,M
1,2,2,,2,F
2,,,0,6,
3,0,0,2,,
0,4,2,18953.6481,,
,26600.5421,31603.6091,7,1,
23535.0426,12,12,10,2,
7,10,2,,2,
2,,1,,0,
4,,1,1,3,
2,1,,1,21464.4295,M
,,,2,4,
,2,1,1,10,F
1,,,4,4,
,6,6,1,,
2,2,2,1,1,F
2,2,,2,1,F
2,1,136,3.66,2,M
146,1.82,94352,2,1,
94353,2,19,3,5,F
10,1,1,,0,M
1,,1,,1,
1,,4,1,1,
,1,1,2,0.59,M
1,2,2,,1,F
2,2,2,1,2,F
1,0,0,3,,
2,2,2,38083.2903,,F
2,25253.4463,28317.2632,9,1,
0,8,8,10,2,
5,10,2,,2,
2,,5,,0,
4,110,,1,2,
2,1,,1,240778.9902,M
,,,2,10,
,2,2,,10,F
2,1,2,3,,M
2,3,3,2,,
2,2,1,3,1,F
2,2,,2,1,F
2,1,137,3.18,2,M
140,2.9,94377,1,1,
94378,1,13,6,7,M
24,3,2,,0,
1,,1,,1,
1,,4,1,2,
4,1,2,2,1,M
1,2,2,,2,F
2,,,1,6,
3,0,0,3,,
0,4,2,27297.0627,,
2,36600.9193,39705.73,8,1,
15974.6376,5,5,10,2,
7,10,2,,2,
2,20,3,21,2,
4,,2,1,3,
2,1,5,6,57606.143,M
,,,2,5,
,2,1,1,10,F
1,1,2,7,0,M
,3,3,0,,
4,0,2,3,1,
1,1,2,1,,M
,2,141,0.6,2,F
145,3.43,94402,1,1,
94403,2,7,3,7,F
80,3,2,,1,
2,,1,,2,
1,,4,1,1,
5,1,2,2,5,M
2,2,2,2,1,F
2,2,1,1,4,F
,0,0,4,,
1,3,3,22122.8074,,
1,13268.4504,16330.1272,3,1,
6111.6203,2,2,10,2,F
1,10,2,,2,
2,,3,,1,
3,40,,1,2,
2,1,,1,178011.7007,M
,,,2,4,
,2,1,1,10,F
1,1,2,6,,M
,4,4,0,225,
5,1,1,1,1,M
2,2,,1,1,F
2,1,134,3.08,2,M
142,2.06,94427,2,1,
94428,1,60,2,1,M
61,4,2,,2,
1,,1,,3,
1,,4,1,2,
4,1,2,2,4.48,M
2,2,2,2,2,F
2,2,1,0,4,F
,1,0,2,,M
0,2,1,24008.9138,,F
2,10929.3213,12112.8203,4,1,
38606.0071,7,7,10,2,
10,10,2,2,,
2,,5,146,1,
3,,2,1,4,
2,1,,1,42110.0015,M
,2,,2,7,F
,2,1,1,10,F
1,2,2,7,,F
2,6,6,0,,
5,0,1,1,1,
2,1,,2,5,M
,2,135,1.36,2,F
141,0.6,94452,2,,
94453,2,20,3,6,F
1,2,2,,0,F
1,,1,4,1,
1,11,,1,2,
5,1,2,2,4.81,M
2,2,2,,2,F
2,2,1,0,4,F
1,0,0,4,,
0,1,2,40402.1025,5,M
3,35183.6869,36714.3272,15,1,
41051.8757,13,13,10,2,
15,10,2,,2,
2,13,5,14,1,
5,222,2,2,3,
,1,,,8472.4533,M
,1,2,2,15,M
,2,1,1,10,F
2,2,2,7,,F
,4,4,0,,
3,1,2,2,1,M
2,1,2,2,5,M
2,2,136,2.72,2,F
139,,94477,2,1,
94478,2,37,4,1,F
64,3,1,,1,
1,,1,0,1,
2,,2,1,1,
,1,1,,,M
2,2,2,2,1,F
2,,,1,7,
,1,0,2,,M
0,3,2,26253.4394,,
3,17759.7579,18146.8765,4,2,
50323.4072,5,5,10,2,
7,10,2,,2,
2,,4,235,0,
5,79,,1,2,
2,1,8,1,8150.534,M
,,,2,6,
,2,1,,10,F
1,,,4,,
2,2,2,1,136,F
4,0,2,1,1,
1,1,2,1,2,M
,2,147,1.32,2,F
138,4.08,94502,2,1,
94503,2,52,4,2,F
28,4,1,,0,
2,,1,1,2,
1,,4,1,2,
3,1,2,2,1.26,M
2,2,2,2,2,F
2,2,1,0,3,F
1,1,0,3,,M
1,2,2,8688.2054,,F
1,13568.622,13073.8896,7,1,
24763.9859,14,14,10,,
,10,2,,,
2,,4,234,0,
5,232,2,1,1,
,1,,,5471.0387,M
7,1,,2,14,M
,2,2,,10,F
1,,,4,,
2,2,1,1,,F
2,2,2,1,1,F
2,3,,2,1,
2,2,139,1.52,2,F
148,0.2,94527,1,,
94528,1,34,6,7,M
58,4,1,,1,
1,,1,,3,
2,,4,2,1,
4,1,2,2,0.8,M
2,2,2,,1,F
2,2,,0,3,F
,0,0,4,,
1,3,2,9974.7736,4,
1,32873.4602,34117.4072,6,1,
13762.672,12,12,10,2,
1,10,2,,2,
2,,4,,0,
4,,2,1,3,
,1,,,13925.1926,M
,,,2,12,
,2,,1,10,F
1,1,2,2,,M
2,5,1,1,52,
6,0,1,2,1,
1,1,2,1,,M
,1,139,1.65,2,M
148,,94552,2,1,
94553,2,72,3,2,F
69,1,1,,2,M
2,,1,15,1,
1,1,,1,1,M
4,1,2,2,1.71,M
2,2,2,2,1,F
2,2,1,1,3,F
1,0,0,2,,
2,2,2,24006.2242,8,F
2,47975.34,48976.9998,4,1,
58828.6541,15,15,10,2,
6,10,2,,2,
1,,3,,0,
4,195,,1,2,
2,1,6,1,7053.5939,M
,3,2,2,15,
,2,1,1,10,F
1,1,2,2,,M
2,6,6,0,,
7,2,2,1,1,F
1,1,2,1,5,M
,1,142,,2,M
144,0.58,94577,2,1,
94578,1,71,3,2,M
52,4,1,,0,
2,,1,,3,
1,,2,1,2,
,1,1,2,1.68,M
2,2,2,2,1,F
2,2,,0,3,F
,1,1,3,,M
0,4,3,114419.4414,11,
2,30430.267,37793.413,15,1,
26954.2569,7,7,10,2,
10,10,2,,2,
2,,3,,1,
3,8,,1,2,
,1,,,10044.0486,M
,5,2,2,6,
,2,1,1,10,F
1,1,2,7,,M
,7,7,0,,
7,0,1,1,1,
1,1,3,2,2,M
,2,141,2.88,2,F
148,1.68,94602,1,,
94603,2,5,4,4,F
6,7,1,,0,
1,,1,,1,
1,,4,1,2,
4,1,2,2,4.25,M
2,2,2,2,2,F
2,2,,0,6,F
1,0,1,3,,
1,2,1,22782.1197,3,F
1,21639.5208,23449.722,6,1,
41799.235,15,15,10,2,
7,10,2,,2,
2,,1,,0,
3,52,,1,2,
1,1,,5,186424.7779,M
7,1,,2,15,M
,2,1,,10,F
1,1,2,5,,M
,3,3,0,,
5,0,1,1,1,
1,1,3,2,5,M
,1,146,1.2,2,M
141,0.92,94627,1,2,
94628,1,2,4,5,M
2,3,2,,1,
2,,1,10,3,
1,,3,1,2,
4,1,2,2,2.06,M
2,2,2,2,2,F
2,2,,0,4,F
,2,1,2,,F
2,2,2,15640.1975,,F
,30652.7811,32741.0209,1,1,
36387.4636,7,7,10,2,
2,10,2,,2,
2,,5,,0,
3,,2,1,2,
,1,,,7640.646,M
,6,,2,99,
,2,1,,10,F
1,,,6,,
,5,5,0,,
3,0,1,1,1,
1,2,,1,3,F
,1,139,4.31,2,M
145,1.27,94652,2,1,
94653,2,7,3,4,F
61,3,1,,1,
1,,1,,1,
1,1,,1,1,M
,1,1,2,1.67,M
1,2,2,2,1,F
2,2,1,0,1,F
1,1,0,3,,M
1,2,2,17992.6059,,F
2,9727.7643,9367.4081,3,1,
32913.688,15,15,10,2,
15,10,2,8,,
2,,4,,0,
1,111,,1,2,
,1,,,17926.6391,M
6,1,,2,15,M
,2,1,1,10,F
1,,,5,,
2,3,3,0,,
3,0,2,1,1,
1,2,,2,,F
2,1,146,1.59,2,M
147,5,94677,2,1,
94678,2,58,3,2,F
63,1,2,,2,M
2,,1,,2,
1,,3,1,1,
,1,1,2,2.64,M
1,2,2,,2,F
2,2,1,0,4,F
1,0,0,3,,
0,2,2,153069.4018,,F
3,20232.105,20365.1605,4,1,
220143.5115,15,15,10,2,
4,10,2,,,
1,,3,,0,
3,41,,1,2,
2,1,,5,24149.1187,M
,5,3,2,,
,2,1,1,10,F
1,1,2,4,,M
2,4,2,0,,
1,0,2,2,1,
2,1,2,2,,M
2,2,135,2.63,2,F
136,1.26,94702,2,1,
94703,2,10,3,5,F
80,4,2,,1,
2,,1,,2,
2,,5,1,2,
4,1,2,2,4.43,M
2,2,2,2,1,F
2,,,2,4,
1,0,1,4,,
1,4,2,35202.1629,,
2,18022.7154,25189.919,4,1,
19275.5393,77,77,10,2,
2,10,2,,,
2,,3,,0,
1,81,,1,2,
,1,,,25159.965,M
7,5,,2,7,
,2,1,1,10,F
1,1,2,5,,M
2,4,4,0,219,
5,0,2,1,1,
2,2,,2,5,F
,2,140,,2,F
141,5,94727,2,1,
94728,2,3,6,3,F
37,4,2,,0,
1,,1,,2,
2,,4,1,1,
4,1,2,2,1.71,M
1,2,2,2,1,F
1,2,,1,2,F
1,0,0,3,,
2,3,3,13353.9527,,
1,37669.6339,0,77,1,
15583.8675,5,5,10,2,
5,10,2,,2,
2,,4,45,3,
3,125,,1,3,
,1,,,21530.6665,M
77,1,,2,6,M
,2,1,1,10,F
1,,,5,,
2,2,2,1,,F
2,0,2,3,1,
2,2,,2,1,F
1,2,147,1.1,2,F
143,4.07,94752,1,1,
94753,2,74,6,2,F
65,3,2,,2,
2,,2,,1,
1,,3,1,1,
,1,2,2,0.46,M
2,2,2,,1,F
2,,,1,4,
,0,0,4,,
0,2,2,11215.8451,,F
2,44237.0794,0,6,1,
53958.0861,15,15,10,2,
15,10,2,,2,
2,,4,,0,
5,,1,1,4,
1,1,,1,55580.2823,M
,,,2,6,
,2,1,,10,F
1,1,2,7,,M
2,4,3,0,,
1,0,1,3,1,
1,1,2,1,5,M
,1,136,1.22,2,M
140,1.08,94777,2,1,
94778,2,9,3,6,F
80,3,2,2,2,
1,1,1,,1,M
1,3,,1,2,
,1,2,2,4.65,M
2,2,2,2,1,F
2,,,2,6,
3,0,0,3,,
0,2,2,77016.245,15,F
2,15596.241,15979.4732,6,1,
21032.5244,15,15,10,2,
1,10,2,0,,
1,,3,,0,
5,,2,1,4,
2,2,3,1,40143.8318,F
,,,1,6,
2,2,1,1,10,F
1,,,4,,
2,2,2,2,,F
2,2,1,1,1,F
1,1,1,1,,M
1,2,138,4.34,2,F
144,4.32,94802,1,1,
94803,2,31,1,6,F
16,4,2,,0,
2,,1,,1,
2,,1,2,2,
,1,1,2,3.05,M
2,2,2,2,2,F
2,2,,0,7,F
,2,1,3,,F
0,3,,9602.8047,,
3,13918.7241,14949.2267,15,1,
8365.8682,15,9,10,2,
15,10,2,21,,
2,,3,227,0,
5,,,1,2,
2,1,,1,24302.8541,M
5,1,2,2,7,M
,2,1,1,10,F
1,1,2,4,,M
2,7,7,0,22,
4,0,2,1,1,
1,1,2,1,,M
,1,144,,2,M
135,,94827,2,1,
94828,1,2,4,3,M
80,3,1,,2,
2,,1,,1,
1,,2,1,1,
5,1,2,2,4.93,M
1,2,2,2,2,F
2,2,1,0,3,F
1,0,0,3,,
0,4,2,8163.1356,,
,26511.6926,31212.2695,99,1,
0,2,2,10,2,F
6,10,2,,2,
2,,2,180,1,
1,151,,1,3,
,1,,,37122.5417,M
,1,,2,15,M
,2,2,,10,F
1,,,5,,
,3,3,1,,
5,0,2,1,1,
1,1,,2,3,M
,1,143,1.75,2,M
147,2.12,94852,1,2,
94853,1,2,2,5,M
52,3,1,,0,
2,,1,,1,
2,,3,1,2,
4,1,2,2,1.57,M
2,2,2,2,2,F
2,2,1,0,4,F
1,2,1,2,,F
0,4,2,18140.2901,,
3,20219.1931,20614.6308,15,2,
23257.9081,6,3,10,2,
9,10,2,,2,
1,,1,,1,
3,,2,1,3,
2,1,,5,30109.5549,M
,,,2,12,
,2,1,1,10,F
1,,,2,,
2,2,2,2,,F
5,0,1,1,1,
1,2,,2,,F
,1,146,3.1,2,M
140,5,94877,1,2,
94878,2,37,4,6,F
48,7,1,,1,
,,1,,2,
1,8,,1,2,
3,1,2,2,1.1,M
2,2,2,2,2,F
2,,,1,4,
1,0,0,4,,
2,2,1,27302.8932,,F
2,13035.6719,13637.5467,,1,
12244.5956,5,5,10,2,
14,10,2,,1,
2,,4,,0,
3,,1,1,4,
2,1,8,3,13759.3615,M
,1,,2,15,M
3,2,1,1,10,F
1,1,2,6,,M
,6,6,0,,
1,1,2,2,1,M
1,2,,1,,F
,2,135,5,2,F
139,0.71,94902,2,1,
94903,1,49,4,1,M
6,3,1,,0,
1,,1,15,1,
1,,3,1,1,
4,1,2,2,5,M
2,2,2,2,1,F
2,2,1,0,3,F
1,0,0,3,,
2,2,,31662.6537,4,F
2,46629.6421,50748.3303,15,1,
14754.7253,10,10,10,2,
8,10,2,,2,
2,,4,,0,
1,135,,1,2,
1,1,5,4,26017.7765,M
,,,2,6,
,2,1,1,10,F
1,1,2,3,,M
2,4,4,3,187,
5,0,2,2,1,
2,1,,2,,M
,1,139,1.09,2,M
142,0.73,94927,2,1,
94928,1,9,3,3,M
78,3,1,,2,
2,,1,,1,
1,,3,1,1,
4,1,2,2,3.13,M
2,2,2,2,2,F
2,2,1,0,7,F
1,0,0,3,,
2,2,2,17810.9756,,F
2,8252.2142,8899.9304,3,1,
12019.5382,7,7,10,2,
5,10,2,,2,
2,,4,,0,
3,5,,1,3,
,1,,,7421.1457,M
,,,2,10,
,2,2,1,10,F
1,1,2,4,,M
2,5,5,0,10,
3,0,2,3,1,
1,1,1,2,1,M
2,2,137,2.11,2,F
140,,94952,2,1,
94953,2,59,3,1,F
34,4,2,,0,
,,2,,1,
1,5,,1,1,
4,1,2,2,2.99,M
2,2,2,2,1,F
2,2,1,0,3,F
1,0,0,2,,
3,2,2,10171.7024,,F
3,23227.5294,23774.7728,15,1,
0,10,10,10,2,
7,10,2,,2,
2,,5,,0,
4,,2,1,3,
2,1,,5,24315.3418,M
,1,,2,4,M
,2,2,2,10,F
2,1,2,3,,M
2,7,7,0,,
7,0,2,1,1,
2,3,,1,1,
2,1,141,3.92,2,M
139,1.34,94977,2,1,
94978,2,5,2,5,F
66,4,2,,2,
1,,1,,1,
1,,,1,2,
4,1,2,2,1.82,M
2,2,2,,1,F
2,2,2,0,6,F
,0,1,3,,
0,4,3,122978.4945,,
2,40873.0501,42096.4408,7,1,
0,8,8,10,2,
6,10,2,,2,
2,,4,,0,
3,33,,1,2,
2,1,,1,22883.6259,M
,,,2,77,
,2,1,1,10,F
1,,,2,,
2,7,7,0,,
1,0,1,3,1,
1,1,3,2,1,M
3,2,134,0.87,2,F
141,1.4,95002,1,2,
95003,2,10,3,5,F
80,3,1,2,1,
2,,1,,3,
1,5,,1,1,
1,1,2,2,1.58,M
1,2,2,2,1,F
2,2,1,1,2,F
,1,1,3,,M
0,4,,19650.9028,,
2,16930.1674,16843.1713,6,1,
146482.3969,15,15,10,2,
9,10,2,,,
2,,3,,0,
1,69,,1,2,
,1,,,11096.6469,M
,6,,2,6,
,2,1,1,10,F
1,,,5,,
2,5,5,0,157,
7,1,1,1,1,M
2,1,2,2,1,M
2,2,142,5,2,F
146,0.25,95027,2,1,
95028,1,30,3,3,M
43,4,1,,0,
2,2,1,,1,F
1,,3,1,1,
,1,1,2,2.95,M
2,2,2,2,2,F
2,2,1,0,7,F
1,0,3,3,1,
0,4,2,22943.2105,,
2,58868.8391,62210.8345,6,1,
10797.4344,8,8,10,2,
5,10,2,,2,
2,,2,,0,
2,,2,2,4,
2,1,7,1,6599.0745,M
,1,,2,14,M
,2,1,1,10,F
1,,,1,,
2,2,2,2,,F
2,0,1,1,1,
2,1,,1,,M
,1,143,3.76,2,M
143,3.34,95052,2,1,
95053,1,50,3,5,M
16,1,1,,0,M
1,,1,,3,
1,,4,1,1,
5,1,2,2,4.56,M
2,2,2,2,1,F
2,2,1,0,6,F
1,0,1,3,,
2,3,2,51370.0992,,
2,6703.7728,7147.762,2,1,
40222.9754,2,2,10,2,F
77,10,1,,,
2,,2,,0,
4,,2,1,3,
2,1,,2,28040.1314,M
,6,,2,7,
,2,2,1,10,F
1,,,6,,
2,7,7,0,,
2,1,2,2,1,M
1,1,3,1,3,M
,2,147,1.44,2,F
138,,95077,1,1,
95078,2,0,4,2,F
4,3,2,,0,
2,,2,,1,
1,2,,1,1,F
1,1,2,2,1.69,M
2,2,2,2,1,F
2,,,2,3,
,1,0,2,,M
2,3,3,9042.5903,2,
2,8413.3222,8877.2489,7,1,
21002.9903,10,10,10,2,
7,10,2,,2,
2,,4,,0,
5,153,,1,4,
2,2,6,4,14470.3485,F
4,5,2,2,3,
,2,1,1,10,F
1,1,2,6,,M
2,2,2,2,,F
2,1,2,1,1,M
1,1,2,1,,M
3,2,144,5,2,F
139,0.65,95102,2,,
95103,1,39,2,7,M
2,3,2,,0,
2,,1,,1,
2,66,,1,1,
,1,1,2,0.55,M
1,2,2,2,2,F
2,,,2,1,
1,1,0,4,,M
1,3,2,48872.022,7,
1,13395.5416,13480.9946,5,1,
74951.3989,14,14,10,2,
9,10,2,,1,
2,,3,,0,
2,116,,1,2,
2,1,7,1,10468.0641,M
2,5,,2,1,
,2,1,1,10,F
2,1,2,2,,M
,4,4,0,,
2,0,2,2,1,
1,3,,2,,
,2,139,0.15,1,F
138,,95127,1,1,
95128,2,33,4,5,F
60,1,1,,2,M
2,,1,,1,
1,,3,1,2,
,1,1,2,0.99,M
1,2,2,,1,F
2,2,1,1,3,F
,0,0,4,,
2,3,1,15250.6299,,
2,95449.9119,114410.9897,15,1,
169435.3427,10,10,10,2,
8,10,2,,2,
1,,3,,0,
1,43,,1,2,
2,2,8,3,30563.2994,F
,,,2,10,
,2,1,,10,F
1,1,2,7,,M
,7,7,0,,
6,0,2,3,1,
2,2,,1,,F
,2,139,0.12,2,F
140,1.36,95152,1,1,
95153,2,23,3,4,F
8,3,2,,0,
1,,2,,1,
1,,,1,1,
4,1,2,2,,M
1,2,2,2,2,F
2,2,1,0,4,F
,0,0,4,,
1,2,2,27219.113,10,F
2,9623.6714,10043.4365,14,1,
21756.8698,13,13,10,2,
15,10,2,,2,
2,7,1,8,3,
1,160,,1,2,
2,1,,1,13667.1123,M
7,1,,2,7,M
,1,1,1,10,M
1,1,2,6,,M
2,4,4,2,,
1,2,2,1,1,F
2,1,,2,,M
,2,147,3.11,2,F
136,,95177,2,1,
95178,1,1,3,4,M
31,3,1,,0,
1,,1,,1,
1,,5,1,2,
4,1,2,2,5,M
2,2,2,2,2,F
2,2,1,0,4,F
1,0,2,3,,
0,2,3,18640.0616,3,F
2,7643.1573,8078.8329,12,1,
8544.9316,13,13,10,2,
6,10,2,,2,
2,,1,,0,
4,186,,1,2,
,1,,,41760.9913,M
,,,2,,
,2,2,1,10,F
,,,6,,
2,3,3,0,230,
1,0,2,,1,
2,1,,1,6,M
,1,147,0.81,2,M
140,3.23,95202,2,1,
95203,1,54,4,1,M
18,6,2,,0,
2,,1,,1,
2,,4,1,2,
2,1,2,2,,M
2,2,1,2,2,F
2,,,0,3,
1,0,0,3,,
0,2,2,53100.8374,,F
3,12062.985,12602.8534,15,1,
45185.574,14,14,10,2,
5,10,2,,2,
2,,5,,0,
1,48,,1,2,
,1,,,41184.8065,M
,,,2,9,
,2,1,1,10,F
1,1,2,4,,M
2,3,3,1,202,
7,0,1,1,1,
1,2,,2,,F
2,1,142,1.61,2,M
144,0.24,95227,1,1,
95228,1,46,3,4,M
0,7,2,,0,
1,,1,,1,
1,,2,1,1,
2,1,2,2,0.61,M
2,2,2,2,1,F
,,,0,1,
,2,1,2,,F
1,3,1,19068.7472,,
3,109946.8755,116873.9879,4,1,
10105.2165,10,10,10,2,
3,10,2,22,,
1,,1,,1,
4,,2,1,3,
2,1,,2,8655.4887,M
,5,,2,5,
,2,1,,10,F
1,,,5,,
2,2,2,2,5,F
7,2,2,1,1,F
2,2,,2,1,F
3,2,138,3.4,2,F
135,1.22,95252,1,1,
95253,1,10,4,5,M
3,2,2,,0,F
1,,1,,1,
1,,3,1,2,
4,1,2,2,3.47,M
2,2,2,2,1,F
,2,,0,3,F
1,0,0,2,,
1,3,1,39583.311,,
2,42413.8505,46895.6547,5,1,
5477.3469,7,7,10,2,
9,10,2,,2,
2,,3,,0,
4,19,,1,2,
2,1,,1,42850.9224,M
2,,,2,,
,2,1,,10,F
1,,,4,,
2,1,1,1,,M
4,1,2,1,1,M
1,1,1,2,1,M
3,2,147,5,2,F
147,5,95277,1,,
95278,2,43,2,4,F
36,6,1,,0,
2,,1,,3,
1,,5,1,1,
,1,1,2,1.2,M
2,2,2,2,2,F
2,2,2,2,3,F
,2,1,2,,F
1,3,2,72188.1728,,
3,30312.2729,32044.1465,15,1,
69316.3272,6,6,10,2,
10,10,2,,2,
2,,4,58,1,
3,106,,1,3,
,2,2,,28133.0727,F
,,,2,7,
,2,1,,10,F
1,1,2,5,,M
2,7,7,2,,
2,1,1,1,1,M
1,1,3,2,,M
,1,140,1.08,2,M
134,,95302,2,2,
95303,1,15,7,2,M
2,4,2,,1,
1,,1,11,1,
1,,,1,2,
,1,2,2,0.12,M
2,2,2,2,2,F
2,,,3,1,
,0,0,4,,
3,2,1,10436.954,,F
3,21834.4607,29149.0233,15,1,
300980.7572,15,15,10,2,
1,10,2,,2,
2,,3,,0,
3,62,,1,2,
2,1,,1,226609.2604,M
6,6,,2,8,
,2,1,,10,F
1,1,2,2,,M
,2,2,1,,F
5,0,2,1,1,
1,1,3,1,4,M
,1,134,0.98,2,M
135,4.62,95327,2,,
95328,2,17,3,5,F
47,6,2,,0,
2,,1,,2,
1,2,,1,2,F
5,1,2,2,1.98,M
2,2,2,,2,F
,2,2,1,1,F
,0,0,4,,
2,2,2,27313.9416,7,F
2,47094.1396,48765.2232,4,2,
9181.3462,1,1,10,,M
,10,1,,,
2,0,3,0,2,
3,,2,1,2,
2,1,7,1,23982.8227,M
,,,2,15,
,2,1,1,10,F
1,1,2,2,,M
,4,4,0,,
3,0,2,2,1,
2,2,,1,,F
2,1,139,,2,M
140,5,95352,2,1,
95353,2,39,1,7,F
8,6,1,,2,
2,,1,8,3,
2,,5,1,2,
3,1,2,2,0.67,M
2,2,1,1,1,F
2,,,2,3,
1,0,0,4,1,
0,4,2,81378.2505,,
1,28183.0577,27806.4241,7,1,
11717.5978,9,9,10,2,
15,10,2,10,,
2,,1,,0,
1,,2,1,3,
,1,,,8810.3871,M
,,,2,7,
,2,1,,10,F
1,,,5,,
2,2,2,2,160,F
6,0,1,1,1,
2,2,,2,1,F
3,2,144,5,2,F
147,0.93,95377,1,1,
95378,2,80,4,2,F
59,4,2,,0,
1,,1,,2,
2,11,,1,1,
3,1,2,2,5,M
1,2,2,,2,F
2,,,1,6,
1,0,0,3,,
0,2,2,26572.8077,8,F
2,21784.0052,22127.4555,2,1,
14133.3536,5,5,10,2,
12,10,1,,,
2,,1,,1,
3,,2,1,2,
2,1,4,6,22549.9595,M
6,1,,2,7,M
,2,1,1,10,F
1,1,2,3,,M
2,4,4,1,43,
4,0,1,1,1,
1,1,3,1,,M
2,2,136,5,2,F
140,5,95402,1,1,
95403,2,49,3,2,F
12,6,,,0,
2,,2,,1,
1,,5,1,1,
,1,1,2,3.4,M
1,1,2,2,2,M
2,,,0,4,
,0,0,4,1,
0,4,2,10983.884,,
2,10454.3561,11548.2589,4,1,
30497.2831,3,3,10,2,
1,10,2,,2,
2,,5,,0,
1,,2,1,4,
2,1,,1,37267.7218,M
6,1,,1,12,M
,2,1,1,10,F
1,1,2,1,,M
2,4,4,0,,
5,0,2,1,1,
1,1,3,2,6,M
,1,144,0.17,2,M
148,0.55,95427,1,1,
95428,1,0,3,5,M
60,1,2,,1,M
1,,1,,,
1,,4,1,2,
,1,2,2,1.97,M
1,2,2,2,2,F
2,2,,0,6,F
1,0,2,3,,
3,3,2,18391.8969,,
3,15950.2413,17655.4244,8,1,
0,15,15,10,2,
15,10,1,,,
2,3,3,3,1,
3,,2,1,3,
,1,,,9778.0602,M
,6,2,2,6,
2,2,1,,10,F
1,1,2,4,,M
2,2,2,2,,F
1,1,1,2,1,M
2,1,1,1,6,M
,2,144,0.6,2,F
141,,95452,1,1,
95453,1,39,1,6,M
60,1,1,2,1,M
2,,2,,3,
1,1,,1,2,M
,1,2,2,1.24,M
1,2,2,2,1,F
2,2,2,0,1,F
,0,3,3,,
2,2,1,11676.0335,,F
3,12264.9868,12339.9836,8,1,
20947.3936,99,99,10,2,
15,10,2,,2,
2,,3,,0,
3,,2,1,4,
2,1,,1,71317.9473,M
,5,,2,6,
,2,2,,10,F
1,1,2,1,,M
2,3,1,0,,
1,0,2,3,1,
2,2,,1,,F
,2,147,0.6,2,F
143,1.14,95477,2,1,
95478,1,11,2,4,M
57,3,1,,1,
1,,1,,1,
1,13,,1,2,
,1,1,2,,M
1,2,2,,1,F
2,2,,0,3,F
1,0,2,3,,
0,2,3,52357.7338,11,F
2,17860.7142,18223.515,1,1,
93137.8759,9,9,10,2,
6,10,2,,2,
2,,2,33,2,
3,,2,1,4,
2,1,,1,111128.0705,M
,6,1,2,6,
,2,1,1,10,F
1,1,2,4,,M
,5,5,0,,
5,0,2,1,1,
1,2,,1,1,F
2,2,143,0.46,2,F
146,0.81,95502,1,,
95503,1,52,1,1,M
61,3,1,,2,
1,,1,,1,
2,,5,1,1,
,1,1,2,0.09,M
2,2,2,2,2,F
2,2,1,0,6,F
1,0,0,3,,
0,4,3,27356.4928,,
1,10546.0538,0,8,1,
16693.0141,6,6,10,2,
14,10,2,,2,
2,,4,193,0,
1,,2,1,3,
,1,,,6984.8868,M
,5,,2,4,
,2,1,,10,F
1,1,2,5,,M
2,2,1,0,114,F
5,0,1,1,1,
1,1,1,2,5,M
,1,136,1.22,2,M
139,1.58,95527,1,1,
95528,2,75,3,2,F
2,4,,,0,
1,,1,,1,
1,,5,1,1,
4,1,2,2,2,M
2,2,2,2,2,F
2,2,1,0,7,F
1,0,0,4,,
2,3,3,13964.2555,,
3,12316.3022,12421.7096,10,1,
17302.5385,3,3,10,2,
5,10,2,,2,
2,,1,,0,
4,,2,1,3,
2,2,3,1,30446.9551,F
,1,,2,15,M
,1,1,,10,M
1,1,2,4,,M
2,3,2,0,,
1,0,1,3,1,
2,1,,2,6,M
,2,143,1.06,2,F
141,,95552,1,,
95553,1,79,4,2,M
7,3,2,,0,
1,,1,13,1,
1,,4,1,2,
5,1,2,2,,M
2,2,2,,2,F
2,2,1,0,2,F
,1,2,2,1,M
0,4,2,10143.2805,,
1,9388.2127,10019.2541,4,1,
88092.7223,15,15,10,2,
15,10,2,,2,
2,,3,,0,
5,15,,1,3,
2,2,3,1,17703.3052,F
,5,2,2,14,
,2,1,,10,F
1,1,2,4,,M
2,2,2,2,,F
2,0,1,3,2,
2,2,,1,3,F
,2,144,3.29,2,F
142,3.69,95577,2,1,
95578,2,62,6,2,F
54,4,1,2,0,
1,,1,,1,
2,,3,1,1,
5,1,2,2,5,M
2,2,2,2,1,F
2,2,,1,1,F
,0,1,3,,
1,3,2,14183.7276,,
2,50729.6232,50295.7614,14,1,
10908.2587,5,5,10,2,
15,10,2,,2,
2,,5,,1,
3,171,,1,3,
1,1,,1,70750.7948,M
6,1,,2,,M
2,2,1,1,10,F
2,1,2,3,,M
2,2,2,2,,F
4,0,1,1,1,
1,2,,2,3,F
,2,137,3.38,2,F
145,0.65,95602,1,1,
95603,1,3,7,4,M
16,1,2,,0,M
1,,1,,1,
1,,2,1,1,
2,1,2,2,2.08,M
2,,,,2,
2,2,1,0,2,F
1,0,2,3,,
0,3,2,59554.4154,,
2,13672.9482,13373.6756,77,1,
10467.9605,7,7,10,2,
7,10,2,,2,
2,,1,216,0,
4,,1,1,4,
,1,,,8116.345,M
,,,2,15,
,2,1,,10,F
1,1,2,5,,M
2,7,7,1,,
2,2,2,1,1,F
2,2,,2,1,F
3,2,148,4.08,2,F
136,0.94,95627,1,,
95628,2,18,7,4,F
80,3,1,,1,
2,,1,,2,
1,6,,2,2,
,1,1,2,2.64,M
2,2,2,2,1,F
2,2,1,1,1,F
,1,2,2,,M
0,4,3,51528.7475,,
2,60052.7316,67267.6252,7,2,
22120.7774,7,7,10,2,
15,10,2,,2,
2,,5,,0,
1,159,,2,3,
2,1,,5,189896.2192,M
7,3,,2,,
,1,1,2,10,M
1,,,4,,
2,7,7,2,,
1,1,1,2,1,M
2,1,,1,,M
3,2,135,4.93,2,F
148,3.08,95652,2,1,
95653,1,5,4,3,M
72,3,2,,2,
1,,1,,1,
1,,2,1,2,
4,1,2,2,3.45,M
2,2,2,2,1,F
2,2,1,0,3,F
,1,1,2,2,M
0,3,2,39839.7787,,
3,179881.4582,180858.247,7,2,
53201.0966,7,7,10,2,
3,10,2,,2,
2,,3,,0,
2,30,,1,3,
2,1,8,1,21009.9779,M
7,6,,2,9,
,2,1,,10,F
1,1,2,2,,M
2,2,2,2,,F
2,2,1,1,1,F
1,2,,1,6,F
,2,134,0.99,2,F
141,1.83,95677,1,1,
95678,1,34,4,3,M
14,1,1,,0,M
2,,1,,1,
1,,4,1,2,
,1,1,2,5,M
1,2,2,,1,F
2,2,1,0,3,F
1,3,1,2,,
0,1,2,25884.0529,,M
2,7012.7882,7368.4831,3,1,
12905.8699,9,9,10,2,
1,10,2,,1,
2,3,2,3,3,
3,,2,1,4,
,1,,,21578.898,M
7,1,,2,14,M
,2,1,,10,F
1,1,2,1,1,M
,4,4,0,,
2,0,1,1,1,
1,1,1,2,1,M
,1,134,,2,M
143,,95702,2,1,
95703,2,24,4,5,F
50,6,1,,0,
1,,1,11,2,
1,0,,1,2,
,1,1,2,0.33,M
2,2,2,2,1,F
2,2,,0,6,F
1,0,1,4,,
0,3,1,22377.3571,6,
3,18225.1425,21759.7393,10,1,
7125.9845,9,5,10,2,
15,10,2,,2,
2,,2,,1,
3,,2,1,4,
2,1,,3,16986.9321,M
,1,,2,6,M
,2,1,1,10,F
1,1,2,6,,M
2,5,5,0,,
1,1,2,1,1,M
1,1,2,1,1,M
1,1,145,2.03,2,M
143,0.99,95727,1,1,
95728,1,1,6,4,M
71,1,1,,2,M
2,,1,,1,
2,,5,1,1,
,1,1,2,1,M
2,2,2,2,2,F
2,2,,0,1,F
,1,3,2,2,M
0,3,2,25790.7593,,
2,8837.806,8377.6991,7,1,
19943.5107,3,3,10,2,
15,10,2,,,
2,,3,236,0,
3,117,,1,3,
2,2,7,1,13742.1275,F
6,1,,2,15,M
,2,1,1,10,F
1,,,4,,
2,4,4,1,,
4,0,1,1,1,
2,1,1,1,,M
2,1,141,1.67,1,M
137,1.06,95752,1,2,
95753,2,0,3,3,F
33,3,1,2,0,
2,,2,8,1,
1,,4,1,2,
,1,1,2,0.8,M
1,2,2,2,2,F
2,2,1,0,1,F
1,0,2,3,,
2,3,2,26196.6578,,
,44345.7011,58269.3544,9,1,
9007.5352,4,4,10,2,
12,10,2,,2,
2,,3,231,0,
3,,1,1,3,
2,1,,5,78961.4172,M
,1,,2,8,M
,2,1,1,10,F
1,1,2,3,,M
2,5,5,1,,
4,1,2,2,2,M
2,1,3,1,1,M
3,1,136,,2,M
147,1.48,95777,2,1,
95778,2,35,4,6,F
12,2,,,0,F
2,,1,,1,
1,,,1,1,
,1,2,2,1.19,M
2,2,2,2,2,F
2,,,3,3,
1,0,1,3,,
0,2,3,46636.2981,,F
1,20657.7548,21714.084,99,1,
163797.6058,10,10,10,2,
9,10,1,,,
2,,2,,3,
3,,2,1,2,
2,1,,5,34441.3007,M
7,1,,2,9,M
,2,2,,10,F
1,,,7,,
,5,5,1,,
1,1,2,2,1,M
2,1,2,1,,M
,1,144,1.54,2,M
144,1.68,95802,1,1,
95803,1,38,3,2,M
0,1,1,,0,M
1,,1,0,1,
1,5,,1,1,
5,1,2,2,5,M
2,2,2,2,2,F
2,2,2,0,1,F
,1,3,2,,M
1,3,,27803.7937,,
2,13656.6859,14462.4615,5,1,
8353.7183,5,5,10,2,
14,10,2,,,
2,,4,176,0,
1,152,,1,3,
,1,,,15490.394,M
,1,,2,15,M
,2,1,,10,F
1,1,2,5,,M
2,2,2,1,120,F
4,0,1,1,1,
1,1,1,2,3,M
,2,143,1.06,2,F
147,1.86,95827,1,1,
95828,1,80,4,3,M
70,3,1,,2,
1,,1,,1,
2,,5,1,1,
,1,1,2,5,M
2,2,2,2,2,F
2,2,1,1,2,F
2,2,1,3,,F
1,3,2,29368.0406,,
2,9717.7922,10547.259,12,1,
21498.0767,6,6,10,2,
14,10,2,,,
2,,1,,1,
2,67,,2,3,
2,2,6,1,8552.0456,F
,1,,2,7,M
,2,,,10,F
1,1,2,6,6,M
,5,5,0,,
3,0,1,1,1,
1,1,2,2,5,M
,1,144,3.25,2,M
147,1.2,95852,2,,
95853,2,24,2,2,F
28,3,1,,0,
1,,1,,1,
1,,,1,1,
,1,1,2,5,M
2,2,2,2,2,F
2,2,1,0,3,F
1,0,0,3,,
3,2,2,11480.6494,,F
1,16624.6551,20006.0661,6,1,
35026.5382,99,99,10,2,
4,10,2,,2,
2,,1,,0,
3,,2,1,2,
1,1,,6,11203.1401,M
,6,,2,14,
2,2,1,1,10,F
1,,,4,9,
,4,4,0,,
1,2,1,2,1,F
2,1,2,2,1,M
2,1,142,2.11,2,M
147,2.99,95877,1,1,
95878,2,1,3,3,F
13,6,1,,0,
1,,1,,2,
2,,4,1,2,
4,1,2,2,5,M
2,2,2,2,2,F
2,,,2,3,
,1,0,4,,M
0,3,1,15447.1478,2,
3,44694.6662,44489.0226,14,1,
9358.0656,14,14,10,2,
9,10,1,,,
2,,3,,0,
2,207,2,2,2,
,1,,,5345.723,M
,,,2,5,
,2,1,1,10,F
1,1,2,1,,M
,3,3,0,174,
6,0,1,1,1,
1,2,,1,5,F
,1,147,4.56,2,M
143,1.47,95902,2,1,
95903,1,21,1,5,M
53,6,2,,0,
1,,1,,1,
1,10,,1,2,
,1,2,2,2.29,M
2,2,2,2,1,F
2,,,1,6,
1,0,1,3,,
1,3,1,18516.6084,,
2,113826.8387,122050.1465,15,1,
40979.6802,15,15,10,2,
8,10,2,,2,
1,,3,,0,
5,,2,1,4,
2,1,6,6,26399.0903,M
,1,,2,3,M
,2,1,1,10,F
1,,,4,,
2,3,3,0,108,
5,1,2,2,1,M
1,1,2,1,,M
,1,143,1.38,2,M
137,1.92,95927,2,1,
95928,2,56,6,2,F
10,4,2,,0,
1,,1,,3,
1,,3,1,1,
,1,1,2,5,M
2,2,2,2,2,F
2,2,1,2,3,F
1,0,0,4,,
0,4,2,10747.199,3,
2,17893.7385,18521.0083,13,1,
7230.7093,8,8,10,2,
10,10,1,,,
2,,3,44,1,
1,76,,1,2,
,1,,,8255.5936,M
,1,,2,9,M
,2,1,1,10,F
1,,,1,,
,3,3,0,222,
4,0,2,1,1,
1,1,2,2,3,M
2,1,140,1.78,2,M
135,2.61,95952,1,1,
95953,2,18,3,4,F
35,1,,,0,M
2,,1,,1,
1,11,,1,2,
,1,1,2,,M
1,2,2,2,1,F
2,2,1,0,3,F
,0,2,3,,
2,4,2,26884.7777,,
2,68432.5866,68474.0822,14,2,
19436.8867,3,3,10,2,
7,10,1,,,
2,,3,,0,
3,97,,1,3,
2,1,,5,14836.5297,M
,1,,2,7,M
,2,1,,10,F
1,1,2,1,,M
,5,5,0,,
3,0,2,1,1,
2,3,,1,,
,2,146,1.43,2,F
143,,95977,2,1,
95978,1,57,7,2,M
66,4,1,1,2,
2,,1,2,1,
2,,2,1,1,
,1,1,2,0.61,M
2,2,2,2,2,F
,2,,1,3,F
1,0,0,3,1,
0,4,,20948.6831,,
3,48390.2534,56301.7826,5,1,
28142.4244,6,6,10,2,
4,10,2,,2,
2,,5,,0,
3,,2,1,4,
2,1,,2,18746.0156,M
,,,2,12,
,2,1,1,10,F
1,1,2,6,,M
2,3,3,3,,
7,0,1,1,1,
2,2,,1,6,F
2,1,140,1.05,2,M
144,,96002,2,1,
96003,2,49,1,2,F
55,3,2,,0,
1,,1,7,1,
2,,2,1,2,
4,1,2,2,1.42,M
2,2,2,2,1,F
2,,,2,4,
1,0,0,4,,
2,2,1,26895.4593,10,F
2,11111.6044,11211.5069,14,2,
25076.7747,3,3,10,2,
15,10,2,14,,
2,,3,,0,
2,,2,1,4,
,1,,,10429.219,M
,4,,2,8,
,2,1,1,10,F
1,,,7,,
2,3,3,0,,
7,2,1,1,2,F
1,1,3,2,1,M
,2,148,,2,F
136,2.94,96027,2,1,
96028,1,10,2,5,M
31,6,1,2,0,
2,,1,,2,
2,,4,2,2,
,1,1,2,2.28,M
2,2,2,2,1,F
2,2,1,0,6,F
,1,0,2,,M
2,2,2,20513.8117,,F
2,22325.6911,23329.8231,3,1,
18684.6305,15,15,10,2,
15,10,2,,2,
2,,4,,0,
3,85,,1,2,
,1,,,85905.3839,M
,1,,2,9,M
,2,1,,10,F
1,,,4,,
2,5,5,0,,
1,1,2,1,1,M
2,1,2,2,1,M
,1,146,3.1,2,M
141,3.25,96052,2,1,
96053,2,19,6,4,F
0,1,1,,0,M
1,,1,3,1,
1,,4,1,2,
,1,1,2,0.8,M
1,2,2,2,2,F
1,,,1,1,
,0,3,3,,
0,4,2,193418.0339,,
2,24098.3422,31706.5259,15,1,
27221.5603,5,2,10,2,
15,10,2,,2,
2,,5,,0,
3,,2,1,3,
2,1,,,21359.8982,M
,,,2,15,
,2,1,1,10,F
1,,,5,,
,3,3,0,32,
4,0,1,1,1,
1,1,3,2,,M
2,2,146,0.79,2,F
146,1.41,96077,1,1,
96078,1,19,1,3,M
52,1,1,,1,M
,,1,,1,
1,3,,1,2,
5,1,2,2,3.56,M
2,2,2,2,2,F
2,2,1,0,3,F
1,1,2,2,,M
0,4,2,100996.6689,,
3,16083.6488,16386.0887,9,1,
37360.1991,,,10,2,
9,10,2,,2,
2,,2,,0,
2,,2,1,3,
2,1,,6,99436.82,M
,1,,2,77,M
,2,1,,10,F
1,1,2,1,,M
2,2,1,1,,F
3,0,2,1,2,
1,1,1,2,77,M
,2,143,,1,F
137,1.9,96102,1,,
96103,2,23,6,6,F
17,6,2,,1,
2,,1,,1,
1,3,,1,2,
3,1,2,2,0.54,M
2,2,2,2,1,F
1,2,,1,1,F
,1,0,4,,M
1,3,,35278.9461,,
2,10071.5372,10894.7686,4,1,
7631.4018,4,4,10,2,
2,10,2,,,
2,,3,,0,
2,,2,1,4,
,1,,,15010.8601,M
,,,2,15,
,2,1,1,10,F
1,1,2,2,,M
,4,4,1,,
4,0,1,1,2,
1,1,3,2,5,M
,1,146,3.69,2,M
136,1.52,96127,1,1,
96128,1,16,3,3,M
5,7,2,,0,
1,,2,,1,
1,,,1,2,
,1,2,2,4.76,M
2,2,2,2,2,F
2,2,1,0,4,F
,0,0,4,,
0,2,2,6429.7769,,F
2,27312.1744,27482.6483,3,1,
53061.5174,7,7,10,2,
77,10,2,,2,
2,,2,,0,
2,42,,1,2,
2,1,5,1,11019.0148,M
,2,,2,6,F
,2,1,1,10,F
1,,,4,,
2,1,1,0,33,M
5,0,2,1,1,
2,1,3,2,5,M
,1,146,1.66,2,M
134,5,96152,1,2,
96153,2,10,3,5,F
1,3,2,,0,
2,,1,,1,
1,,5,1,1,
,2,1,2,0.85,F
2,2,2,2,2,F
2,2,1,0,1,F
1,0,0,4,,
1,2,2,28234.1895,,F
1,6585.6225,8751.8718,4,1,
11146.3318,10,10,10,2,
15,10,2,,1,
2,,3,105,0,
3,,2,1,4,
,1,,,38891.5805,M
,1,,2,3,M
,2,1,2,10,F
1,1,1,1,,M
2,1,1,1,,M
2,2,1,1,1,F
1,1,,1,6,M
,1,138,1.65,2,M
135,0.91,96177,2,1,
96178,1,63,4,2,M
64,3,1,,1,
1,,1,,3,
1,,3,1,2,
,1,1,2,1.54,M
1,2,2,,1,F
2,2,,0,3,F
,0,0,4,,
2,3,3,34371.1865,5,
1,25197.5883,26127.6455,77,1,
13309.0376,15,15,10,2,
9,10,2,,2,
2,,1,,1,
4,170,,1,2,
,1,,,12586.0364,M
,,,2,4,
,2,1,1,10,F
1,1,2,6,,M
2,5,5,0,,
2,0,2,3,1,
1,2,,1,,F
,1,139,0.69,2,M
135,1.72,96202,1,1,
96203,1,5,2,6,M
3,3,2,,0,
1,,1,,2,
1,2,,1,1,F
,1,1,2,2.75,M
1,2,2,,1,F
2,,,2,3,
,0,0,4,,
0,2,3,363343.1793,,F
1,9314.5597,9771.4414,4,1,
28798.1782,7,7,10,2,
9,10,1,6,,
2,,4,,0,
3,,1,1,4,
2,1,,3,32997.5072,M
,1,2,2,14,M
,2,1,1,10,F
1,1,2,3,,M
2,3,3,0,,
1,1,1,1,1,M
2,1,2,1,,M
,2,134,0.68,2,F
146,2.89,96227,2,,
96228,1,4,6,3,M
24,3,1,,0,
1,2,1,,1,F
1,,,1,1,
,1,1,2,5,M
2,2,2,2,1,F
2,2,1,1,1,F
,1,3,3,,M
0,4,2,17321.0754,,
2,43425.072,42480.5915,4,1,
25952.127,6,6,10,2,
10,10,2,,2,
2,,5,222,0,
4,,1,1,4,
2,1,,6,48492.7852,M
6,6,2,2,3,
,2,2,2,10,F
1,1,2,6,,M
2,4,4,0,95,
7,2,1,1,2,F
1,3,,2,1,
3,2,141,5,2,F
136,5,96252,2,2,
96253,2,47,3,4,F
3,1,1,,0,M
2,,1,,1,
1,,,1,1,
2,1,2,2,1.42,M
1,2,2,,1,F
2,2,,0,6,F
1,0,2,4,,
3,3,1,21408.7208,,
,10696.254,0,,1,
19484.4203,14,8,10,2,
15,10,2,,2,
2,,5,,0,
2,6,,1,3,
1,1,,1,11203.1401,M
5,6,3,1,4,
,2,1,1,10,F
1,1,2,2,,M
2,7,7,1,159,
3,0,2,2,1,
1,1,2,2,1,M
3,1,141,5,2,M
139,1.97,96277,2,,
96278,2,30,2,5,F
54,3,2,,1,
2,,1,13,1,
1,9,,1,1,
4,1,2,2,1.46,M
2,2,2,2,1,F
2,2,,0,3,F
1,0,1,3,,
3,3,3,19550.7954,,
2,31059.0237,33054.9744,15,1,
61809.6966,1,1,10,2,M
6,10,2,,2,
2,,4,,1,
4,49,,1,3,
2,2,3,1,8630.3171,F
,,,2,15,
,2,1,1,10,F
1,1,2,2,,M
2,4,4,0,215,
7,0,1,1,1,
2,1,1,1,,M
3,1,143,2.71,2,M
143,5,96302,1,1,
96303,1,4,3,2,M
60,4,1,,1,
2,,1,5,1,
1,,3,1,1,
,1,1,2,0.8,M
2,2,1,2,2,F
2,2,,0,6,F
1,0,1,3,,
3,2,2,9322.6154,,F
2,70867.879,68810.5511,9,1,
35138.6148,15,15,10,2,
1,10,2,,2,
2,8,1,8,1,
4,,2,1,4,
2,1,,3,73783.9146,M
,5,,2,7,
,2,1,1,10,F
1,1,2,1,,M
2,7,7,0,,
3,1,2,1,1,M
1,1,2,2,6,M
,2,135,2.38,2,F
136,4,96327,2,1,
96328,1,12,4,7,M
42,1,1,,0,M
2,2,1,,1,F
1,0,,1,2,
3,1,2,2,1.99,M
2,2,2,2,2,F
2,2,,0,3,F
,0,0,4,1,
0,3,2,12203.4357,,
2,20251.5949,20403.3606,15,1,
13212.346,14,14,10,2,
4,10,2,,2,
2,,5,86,2,
3,,2,1,4,
,1,,,21134.162,M
,5,2,2,1,
,2,1,1,10,F
1,1,2,7,,M
2,5,5,1,,
2,0,2,1,1,
1,2,,2,,F
1,2,136,,2,F
135,3.18,96352,1,1,
96353,1,1,3,4,M
3,7,2,,0,
1,,1,,1,
1,,,1,2,
5,1,2,2,1.75,M
2,2,2,2,1,F
2,,,1,3,
,0,0,4,,
2,3,2,16301.2792,,
,125431.1265,118993.9989,12,1,
4290.9706,6,6,10,2,
7,10,2,,2,
2,,2,,0,
4,,1,1,4,
2,1,,3,13682.8423,M
,,,2,14,
,2,1,1,10,F
1,1,2,7,,M
2,3,3,0,,
2,1,1,2,1,M
1,1,1,2,2,M
,2,134,,2,F
134,,96377,2,1,
96378,1,7,4,7,M
21,1,1,,1,M
1,1,1,,1,M
1,,,1,2,
4,1,2,2,2.99,M
2,2,2,2,1,F
2,,,2,4,
1,3,0,2,,
0,4,2,9043.2159,,
2,27948.4323,28185.7168,6,1,
0,6,6,10,2,
6,10,2,,2,
2,,1,203,0,
1,,2,2,2,
2,1,,1,52784.5352,M
,,,2,6,
,2,1,1,10,F
1,1,2,7,,M
2,5,5,0,,
2,0,1,3,1,
2,2,,1,1,F
3,2,147,1.59,2,F
140,0.99,96402,1,1,
96403,1,23,1,5,M
74,3,1,,2,
1,,2,,1,
1,,3,1,1,
,1,1,2,2.03,M
2,2,2,2,2,F
2,,,0,4,
1,1,3,2,,M
0,4,2,13791.0276,5,
3,48365.1382,51469.8151,15,1,
15021.3114,14,14,10,,
,10,2,,2,
2,,3,,0,
5,,2,1,3,
,1,,,27602.9436,M
,,,2,12,
,2,1,1,10,F
1,1,2,5,,M
2,6,6,2,31,
6,0,2,1,1,
2,1,3,1,,M
,1,145,1.2,2,M
139,2.07,96427,2,,
96428,2,37,7,4,F
80,3,,,2,
2,,1,1,1,
1,,2,1,2,
5,1,2,2,5,M
2,2,2,2,2,F
2,,,1,4,
,0,3,3,2,
1,4,1,8558.9222,,
3,8871.9941,9284.3814,15,1,
0,6,6,10,2,
9,10,1,,,
2,,4,,2,
3,177,,1,3,
2,1,,5,155405.4777,M
77,5,2,1,12,
,2,1,1,10,F
1,1,2,1,3,M
,4,4,0,,
2,0,1,1,2,
2,3,,1,3,
,2,147,0.7,2,F
141,3.09,96452,1,2,
96453,2,24,2,7,F
1,7,,,0,
1,,1,,1,
1,,3,1,1,
1,2,2,2,1.83,F
1,2,2,,2,F
2,,,1,1,
,2,0,2,,F
1,2,2,12398.8591,,F
2,14020.8646,15115.1197,4,1,
24347.3784,6,6,10,,
,10,2,,,
2,,4,,2,
3,201,,1,3,
1,1,,1,7280.5405,M
2,1,2,2,15,M
,2,1,1,10,F
1,1,2,3,,M
,3,3,0,,
2,2,1,1,1,F
2,1,,2,3,M
,2,145,0.04,2,F
146,3.43,96477,1,1,
96478,1,18,6,6,M
56,3,2,,0,
1,1,1,,1,M
2,,3,1,1,
,1,1,2,1.01,M
2,2,2,2,1,F
,2,1,0,3,F
1,0,0,2,,
0,4,2,5973.5848,13,
2,62924.1078,61809.6966,2,2,
15577.5318,4,4,10,2,
6,10,2,,2,
2,,5,,0,
1,60,,1,3,
,1,,,7980.5266,M
,,,2,8,
,2,1,1,10,F
1,,,2,,
2,4,4,0,132,
3,0,2,3,1,
2,2,,1,5,F
,2,138,,2,F
137,1.96,96502,2,1,
96503,2,72,2,3,F
13,3,2,,0,
1,,1,,1,
1,,3,1,2,
5,1,2,2,4.9,M
2,2,2,2,1,F
2,2,1,1,3,F
1,1,3,2,,M
0,3,3,20428.3978,,
2,26040.7373,26966.5784,6,1,
109756.7597,3,3,10,2,
15,10,2,,2,
2,,3,227,0,
3,,2,1,4,
,1,,,24373.2965,M
,5,2,2,10,
,2,1,,10,F
1,1,2,1,,M
2,2,2,0,,F
3,0,2,2,1,
1,1,2,2,1,M
,2,146,2.15,2,F
144,5,96527,1,,
96528,2,37,1,6,F
66,6,1,,2,
2,,1,1,3,
1,,,1,2,
4,1,2,2,1.14,M
1,2,2,2,2,F
,2,1,0,4,F
,1,3,2,,M
1,3,3,7897.5654,,
2,45425.3961,43844.0329,7,2,
10454.6271,99,99,10,2,
8,10,2,,2,
2,,4,71,3,
3,215,2,1,3,
2,1,,1,33213.1812,M
2,,,2,6,
,2,2,,10,F
1,1,2,5,,M
2,5,5,0,,
5,0,2,1,1,
1,1,,2,,M
2,2,148,2.39,2,F
141,1.42,96552,1,1,
96553,1,58,6,2,M
31,4,2,,0,
2,,1,,1,
1,,,2,1,
3,1,2,2,0.52,M
1,2,2,,1,F
,2,1,0,4,F
,0,0,4,,
0,3,,37157.7067,2,
1,13714.9674,13293.5191,8,1,
34380.3262,2,2,10,2,F
4,10,2,,2,
2,,3,,0,
3,29,,1,2,
2,1,,1,30205.4416,M
,1,,2,15,M
,2,1,1,10,F
1,2,2,2,,F
2,4,4,0,,
5,0,1,1,1,
1,1,2,2,,M
3,1,143,,2,M
142,0.86,96577,1,1,
96578,1,54,4,3,M
10,4,1,,0,
1,,1,,1,
1,3,,1,1,
2,1,2,2,0,M
2,2,2,,2,F
2,2,,0,1,F
2,0,0,4,,
2,4,2,15289.6472,,
2,42987.0658,46033.6288,4,1,
19720.548,13,13,10,2,
9,10,2,,2,
2,23,3,24,1,
3,,1,1,4,
1,1,,1,129043.7011,M
,1,,2,7,M
,2,2,,10,F
1,1,2,3,,M
,4,4,0,,
1,1,2,2,1,M
1,1,2,1,5,M
,2,146,2.73,2,F
142,1.57,96602,1,1,
96603,1,60,3,3,M
35,3,,,0,
,,2,,2,
1,7,,1,2,
3,1,2,2,1.17,M
2,2,2,,2,F
,2,1,0,6,F
1,1,0,3,,M
2,2,2,10560.4971,,F
2,24736.9893,27046.394,9,1,
22401.4411,99,99,10,2,
9,10,2,,2,
2,,5,,0,
5,88,,1,3,
2,1,,6,31192.6514,M
,1,2,2,5,M
,2,1,,10,F
,,,4,,
2,4,4,0,,
2,0,1,1,2,
1,1,3,2,5,M
1,1,147,2.12,1,M
148,0.96,96627,2,,
96628,1,32,3,2,M
46,4,1,,1,
2,,2,,1,
1,,5,1,1,
3,1,2,,,M
2,2,2,2,1,F
2,2,2,0,2,F
,3,3,2,,
0,3,2,19496.87,11,
2,33813.2288,34581.0775,8,1,
43354.9038,14,7,10,2,
6,10,2,,,
2,,5,,0,
1,,2,1,4,
,1,,,22720.8223,M
9,1,,2,,M
,2,,,10,F
1,2,2,7,,F
2,5,5,0,,
2,2,1,1,1,F
1,1,2,1,,M
2,1,144,1.63,2,M
140,,96652,1,1,
96653,1,28,6,3,M
80,3,2,,3,
2,,1,7,1,
2,,1,2,1,
5,1,2,2,5,M
2,,,2,2,
2,2,1,0,3,F
1,0,0,3,,
0,2,3,15081.277,,F
3,19087.9804,20047.2289,15,1,
114805.424,2,1,10,2,F
5,10,2,17,,
2,,1,,0,
1,,2,2,3,
,1,,,15097.8572,M
6,1,,1,7,M
,2,1,1,10,F
1,,,5,,
2,1,1,0,82,M
3,0,2,3,1,
1,1,3,1,,M
2,2,139,1.49,2,F
142,0.95,96677,2,1,
96678,2,1,3,4,F
30,3,2,,0,
2,,1,0,1,
1,,3,1,1,
,1,1,2,5,M
2,2,2,2,1,F
,,,1,4,
1,0,1,3,,
2,4,2,35849.9232,,
,41161.3156,47895.1538,,1,
22695.0185,7,7,10,2,
2,10,2,,,
2,,5,64,1,
2,,2,1,3,
2,1,,,18721.1826,M
,6,,2,4,
2,2,1,1,10,F
2,1,2,3,,M
2,4,4,0,,
3,0,2,1,1,
1,1,2,1,1,M
2,2,142,0.59,2,F
134,0.84,96702,2,,
96703,2,0,3,4,F
80,4,1,,1,
2,,1,,1,
1,,3,1,2,
4,1,2,2,1.64,M
2,2,2,2,1,F
2,,,3,4,
,0,0,1,,
2,2,2,17089.8709,,F
2,66627.3425,74156.8482,6,1,
0,,,10,2,
12,10,2,,2,
2,,4,44,2,
4,,,1,2,
1,1,,2,6857.1633,M
,1,,2,4,M
,2,1,1,10,F
1,1,2,2,,M
2,2,2,2,,F
3,0,2,2,1,
2,1,1,2,1,M
,2,144,,2,F
139,0.97,96727,2,2,
96728,1,6,3,5,M
8,6,1,,0,
2,,2,,1,
1,,3,1,1,
4,1,2,2,5,M
1,2,2,2,2,F
2,2,1,1,4,F
,1,2,3,1,M
0,4,2,8640.4465,,
3,10022.0452,11559.434,15,1,
26985.4207,4,4,10,,
,10,2,,,
2,,5,125,0,
5,,,1,2,
2,1,,3,5019.4811,M
6,1,,2,9,M
,2,1,1,10,F
1,1,2,5,3,M
,3,3,0,,
5,0,1,1,1,
1,1,2,2,2,M
,1,139,0.71,2,M
144,,96752,2,1,
96753,1,78,4,2,M
79,6,1,,1,
,,1,,1,
1,,4,1,2,
,1,1,2,1.04,M
2,2,2,2,2,F
,2,1,0,3,F
1,0,1,3,,
2,2,2,17131.8927,1,F
2,21237.6137,26631.9298,4,1,
58263.8007,15,15,10,2,
8,10,2,,2,
2,,4,,0,
5,,,1,2,
2,1,,1,33011.5331,M
,,,2,9,
,2,1,1,10,F
1,1,2,2,,M
,3,3,0,68,
3,0,2,2,1,
1,1,3,1,2,M
,1,134,,2,M
135,1.96,96777,1,1,
96778,2,17,4,5,F
0,4,1,,2,
2,2,1,,1,F
1,1,,1,1,M
,1,1,2,5,M
2,2,2,2,1,F
2,2,,0,2,F
,0,0,4,,
0,2,2,24073.0081,,F
3,63104.1362,71739.9894,7,1,
26358.3515,12,6,10,2,
1,10,2,,,
2,19,3,21,2,
4,,2,1,4,
2,1,,1,29026.5406,M
,,,2,14,
,2,1,1,10,F
,,,2,,
2,4,4,0,,
1,1,1,2,1,M
2,1,2,1,1,M
2,2,144,1.58,2,F
141,3.43,96802,2,,
96803,1,4,6,4,M
67,4,2,,2,
1,,2,,1,
1,9,,1,1,
,1,1,2,0.31,M
1,2,2,,1,F
2,2,,0,6,F
1,0,0,2,,
1,2,,35461.2534,,F
3,13504.0148,13890.4688,4,1,
14829.3303,6,6,10,2,
14,10,2,,2,
2,,4,,0,
1,159,,1,2,
2,1,,1,14635.5889,M
,,,2,5,
,2,1,1,10,F
1,,,3,,
2,2,1,0,223,F
5,0,1,1,1,
1,1,2,1,5,M
,2,136,4.12,2,F
143,2.43,96827,1,,
96828,1,11,2,3,M
38,3,1,,0,
1,,1,,1,
1,,,1,1,
,1,1,2,0.06,M
2,2,2,2,1,F
2,2,,0,3,F
1,0,0,4,,
1,3,2,22504.7836,1,
2,64852.8752,70007.4185,10,1,
9229.9412,8,8,10,2,
15,10,2,,2,
2,,3,,0,
3,,2,1,4,
,1,,,27302.8932,M
7,1,,2,9,M
,2,1,,10,F
1,,,4,,
2,5,5,0,,
3,2,1,1,2,F
2,1,,1,,M
2,2,139,1.04,2,F
148,2.78,96852,1,2,
96853,2,0,3,4,F
38,3,2,,0,
1,,1,,2,
1,,,1,1,
,1,1,2,0,M
1,2,1,2,1,F
2,2,1,0,3,F
1,0,0,2,,
2,3,3,61376.1932,,
2,148387.0948,144910.515,15,1,
121356.1233,15,15,10,2,
6,10,2,,2,
2,,5,,0,
2,64,,1,2,
2,1,,1,171055.5402,M
,1,,2,4,M
,2,1,,10,F
1,1,2,2,,M
,3,3,0,,
1,1,2,2,1,M
2,1,3,2,3,M
,1,136,4.8,2,M
145,0.81,96877,1,1,
96878,1,80,3,2,M
25,3,1,,0,
1,,1,,1,
1,9,,1,1,
5,1,2,2,0.32,M
2,2,2,,2,F
2,2,1,0,1,F
2,2,0,2,,F
2,2,3,19615.4243,,F
2,38493.9542,46011.3783,6,1,
17113.5807,1,1,10,2,M
14,10,2,,2,
2,,4,,0,
3,,2,1,4,
2,2,99,5,57811.7708,F
,1,,2,15,M
,2,2,2,10,F
1,1,2,4,,M
2,6,6,0,,
5,0,2,1,1,
2,3,,1,5,
,2,147,,2,F
140,0.85,96902,1,1,
96903,1,51,6,5,M
8,1,1,,0,M
1,,1,,2,
1,,4,1,1,
4,1,2,2,3.92,M
2,2,2,2,1,F
,,,0,7,
,0,3,3,,
0,2,2,3855.2545,,F
3,15364.8745,15127.0146,15,1,
24758.4168,15,15,10,2,
15,10,2,,2,
2,,1,,0,
2,43,,1,2,
,1,,,38272.6187,M
3,,,1,5,
,2,1,,10,F
1,1,2,3,,M
2,2,2,0,113,F
2,0,2,2,1,
2,3,,2,5,
1,2,148,,2,F
141,5,96927,1,1,
96928,1,71,4,2,M
7,7,1,,0,
1,1,1,,1,M
2,4,,1,2,
,1,1,,,M
2,2,2,2,2,F
2,2,,0,3,F
1,0,1,3,,
3,3,1,17870.1204,7,
3,10247.0483,10456.5857,4,1,
23557.6369,12,12,10,2,
5,10,2,,2,
2,,4,,0,
4,193,,1,3,
,1,,,10528.234,M
,1,,2,6,M
,2,1,1,10,F
1,1,2,2,,M
,7,7,0,,
1,0,1,3,1,
2,2,,1,,F
1,2,148,1.94,2,F
141,1.48,96952,2,1,
96953,2,60,3,5,F
55,1,1,,0,M
1,,2,,1,
1,,2,1,2,
,1,1,2,,M
2,2,2,2,1,F
2,2,1,1,4,F
1,0,1,3,,
3,3,2,11982.7858,,
3,16107.7494,16550.9629,15,1,
4763.7006,7,7,10,2,
14,10,2,,2,
2,,3,,1,
5,,2,2,3,
,1,,,26177.5169,M
5,6,,2,6,
,2,1,1,10,F
1,1,2,4,,M
2,6,6,1,,
2,2,1,1,1,F
2,3,,1,5,
,2,147,4.12,2,F
140,5,96977,2,,
96978,1,60,4,4,M
34,2,1,,0,F
2,,1,9,1,
1,7,,1,2,
4,1,1,2,2.02,M
2,2,2,2,2,F
2,2,1,0,3,F
,0,0,4,,
0,2,2,10291.0637,,F
3,40607.1613,0,14,1,
17893.0502,7,7,10,2,
77,10,2,,2,
2,,5,56,1,
4,,2,1,2,
2,1,,1,122231.3741,M
,1,,2,4,M
,2,1,,10,F
2,2,2,5,,F
2,5,5,0,,
1,1,2,2,1,M
2,2,,1,1,F
2,1,138,,2,M
147,1.37,97002,2,,
97003,1,20,3,7,M
16,1,1,,0,M
1,,1,,1,
1,,,1,2,
,2,1,2,,F
1,2,2,2,1,F
2,2,1,0,6,F
,1,0,2,,M
0,2,2,80291.4418,8,F
2,13484.9272,13888.2248,6,1,
26719.3664,1,1,10,2,M
2,10,2,,,
2,,1,53,1,
3,,2,1,4,
2,1,,1,21302.6611,M
2,1,,2,4,M
,2,1,1,10,F
1,1,2,4,,M
2,6,6,2,,
1,1,2,2,1,M
2,3,,2,1,
2,1,137,,2,M
145,1.58,97027,2,1,
97028,1,17,3,7,M
55,6,1,,0,
2,,2,,1,
1,,2,1,1,
3,1,2,2,5,M
1,2,2,2,2,F
2,2,1,0,4,F
1,0,3,2,,
0,3,,43505.6231,,
3,12483.143,14330.2615,15,1,
41274.9588,3,3,10,2,
7,10,2,,2,
2,,4,,0,
3,,2,1,2,
2,1,,,11360.6225,M
2,1,2,2,12,M
,2,1,1,10,F
1,1,2,6,,M
,3,3,0,,
2,0,2,3,2,
2,,,2,,
1,1,145,0.24,1,M
137,1.16,97052,1,,
97053,2,4,1,4,F
40,3,2,,1,
2,,1,,2,
1,,5,1,2,
5,1,2,2,4.78,M
2,2,2,2,1,F
,2,1,0,4,F
1,0,0,3,,
3,2,2,5942.0262,,F
2,12398.8591,13457.1697,5,1,
29032.3348,15,15,10,2,
6,10,2,,2,
2,4,1,5,1,
5,,2,1,3,
,1,,,9388.2127,M
,,,2,9,
,2,1,1,10,F
1,1,2,6,,M
,3,3,0,,
5,0,1,1,1,
2,1,,2,,M
,1,145,1.71,2,M
142,2.47,97077,2,1,
97078,2,28,4,2,F
5,3,1,,0,
1,,1,,1,
1,,4,1,1,
,1,1,2,4.88,M
1,2,2,,1,F
2,,,1,4,
,1,0,2,,M
0,2,2,7321.9555,1,F
2,10032.171,10225.4723,6,1,
20743.466,1,1,10,2,M
13,10,2,,2,
2,,3,116,0,
4,,2,1,2,
2,1,,1,21515.3885,M
,5,2,2,12,
2,2,1,1,10,F
1,1,2,1,,M
,5,5,0,237,
1,0,1,,1,
1,1,3,2,5,M
,1,145,,2,M
143,5,97102,2,1,
97103,2,31,2,4,F
38,1,1,,0,M
2,,1,,2,
1,,4,1,1,
4,1,2,2,1.91,M
2,2,2,2,2,F
2,2,,0,6,F
,0,3,3,,
3,3,3,23430.0797,9,
2,88552.1705,94353.1989,15,1,
25640.21,15,15,10,2,
9,10,2,,2,
2,,1,,2,
1,,2,1,4,
2,1,,1,102774.4188,M
,,,2,2,
,2,1,,10,F
1,1,2,3,,M
2,2,2,0,,F
5,2,2,2,1,F
2,2,,2,5,F
,1,138,,2,M
141,3.25,97127,1,1,
97128,2,29,1,4,F
40,6,2,,0,
2,,1,15,,
1,,5,1,1,
,1,1,2,3.59,M
2,2,2,,2,F
2,,,2,3,
1,0,3,2,,
0,2,2,8720.7061,,F
1,20178.6264,21473.885,,1,
30759.2774,5,5,10,2,
6,10,2,,,
1,,5,,1,
1,,2,2,3,
2,1,,1,6640.3354,M
,,,2,10,
,2,,,10,F
1,1,2,4,,M
2,5,5,0,55,
3,0,2,1,1,
2,1,3,1,1,M
2,1,147,1.86,2,M
138,3.37,97152,2,1,
97153,1,30,3,2,M
3,4,2,,0,
2,,1,,1,
2,,5,1,2,
3,1,2,,,M
1,2,2,,2,F
2,,,2,3,
1,0,1,3,,
0,4,2,30101.9702,,
2,38803.3972,0,77,1,
15815.0287,7,7,10,2,
1,10,2,,2,
2,,1,,0,
3,162,,1,3,
2,1,,1,22743.2463,M
,3,,2,6,
,2,1,1,10,F
1,1,2,4,,M
,4,4,0,227,
3,0,1,1,1,
1,1,3,2,,M
3,2,136,5,2,F
141,1.83,97177,1,2,
97178,2,55,4,2,F
13,2,2,,0,F
1,,1,,1,
2,,1,2,1,
,1,2,2,0.83,M
2,2,2,2,2,F
2,2,1,0,1,F
,2,2,2,,F
0,3,2,20018.6103,7,
3,13470.3679,13158.8583,15,1,
14986.6118,6,6,10,2,
10,10,2,8,,
2,,1,,1,
2,,2,1,4,
2,1,6,5,47223.3327,M
7,1,,1,,M
,2,1,,10,F
1,,,4,,
2,2,2,2,,F
1,1,2,2,1,M
1,3,,2,3,
,1,145,1.49,2,M
144,0.16,97202,1,,
97203,1,0,2,3,M
80,3,2,,1,
1,,1,,1,
1,,5,1,1,
,2,1,2,0.22,F
2,2,2,2,2,F
2,2,,0,1,F
2,0,3,3,,
0,3,1,19576.54,8,
,108830.1494,111486.5339,15,1,
44489.0226,14,14,10,2,
6,10,2,,2,
2,,5,,0,
4,,2,1,2,
,1,,,30747.4066,M
,,,2,10,
,2,1,1,10,F
2,,,4,,
,2,2,0,,F
3,2,1,1,1,F
2,1,,2,2,M
,2,135,5,2,F
136,0.52,97227,2,,
97228,1,49,3,5,M
80,3,2,,2,
1,,1,4,1,
2,,4,1,1,
,1,2,2,1.67,M
2,2,1,2,2,F
2,2,1,1,3,F
1,0,0,2,2,
2,3,3,25975.5436,,
3,17768.1423,19253.4697,5,1,
25019.7767,1,1,10,2,M
6,10,2,,2,
2,,3,198,0,
3,,1,1,4,
,1,,,10720.6232,M
,,,2,7,
,2,1,1,10,F
1,,,4,,
2,3,3,0,,
5,1,2,2,1,M
2,2,,1,5,F
,2,147,1.81,2,F
148,,97252,2,1,
97253,2,57,4,2,F
1,1,1,,1,M
2,,1,,1,
1,,4,1,2,
3,2,2,2,1.97,F
1,2,2,2,1,F
2,2,1,0,2,F
,1,1,3,,M
0,1,2,62924.1078,10,M
1,15723.47,16229.3284,1,1,
16590.8941,15,15,10,2,
9,10,2,,2,
2,,5,,0,
1,73,,1,2,
1,1,,2,29764.8185,M
,,,2,9,
2,2,1,1,10,F
1,,,6,,
2,1,1,1,,M
5,0,2,1,1,
1,1,,1,1,M
,2,143,1.07,2,F
136,1.01,97277,1,1,
97278,2,27,4,3,F
17,3,1,,0,
1,,2,,3,
1,4,,1,1,
2,1,2,2,0.42,M
2,2,2,,2,F
2,2,1,0,2,F
,0,0,1,,
0,2,3,54500.2448,10,F
2,21815.4845,22351.1018,7,1,
27203.5515,3,3,10,2,
14,10,2,,2,
2,,1,136,2,
4,191,,1,2,
2,2,2,1,47457.6194,F
,,,2,14,
,2,1,,10,F
1,,,3,,
2,4,4,2,170,
7,2,1,1,1,F
1,3,,2,,
,2,140,0.41,2,F
136,1.22,97302,1,1,
97303,2,8,6,4,F
26,1,2,,0,M
2,,1,,2,
99,,3,1,1,
3,1,2,2,0.91,M
2,2,2,2,2,F
,,,1,4,
,2,2,2,,F
1,2,3,10298.113,,F
2,15066.6646,20182.9888,4,1,
171537.672,15,15,10,2,
77,10,2,,2,
2,,1,,1,
1,7,,1,2,
,1,,,8123.7731,M
,1,,2,6,M
,2,1,1,10,F
1,,,4,,
2,2,2,0,,F
1,1,2,2,1,M
1,1,2,1,1,M
2,1,134,1.54,2,M
135,1.79,97327,1,1,
97328,2,9,4,5,F
17,3,2,,0,
2,1,1,,1,M
1,,,1,2,
3,1,2,2,1.67,M
2,2,2,1,2,F
2,2,,0,7,F
1,0,1,2,,
0,3,2,17110.9673,,
3,7519.8298,7953.4957,3,1,
56736.0193,5,5,10,2,
3,10,2,,,
2,,3,118,2,
4,,2,1,3,
2,2,9,1,374665.8936,F
,,,2,15,
,2,1,1,10,F
1,,,5,11,
,7,7,1,,
2,2,1,1,1,F
2,1,3,2,,M
2,1,147,0.07,2,M
141,2.55,97352,1,1,
97353,1,80,3,1,M
31,2,2,,0,F
2,,1,,1,
1,,3,1,2,
3,1,2,2,1.57,M
2,2,2,2,2,F
2,2,1,0,4,F
1,1,0,4,2,M
0,3,2,12661.2125,,
2,66305.8859,74273.6274,5,1,
20674.9408,6,6,10,2,
6,10,2,,2,
2,,3,135,1,
3,,2,1,4,
,1,,,117412.3059,M
,1,,2,6,M
,2,1,1,10,F
1,1,2,2,,M
2,4,4,0,,
2,0,2,3,1,
2,1,2,2,3,M
,2,145,1.4,2,F
139,1.59,97377,2,1,
97378,2,19,4,5,F
38,2,2,,0,F
1,,2,,2,
1,,3,1,1,
5,1,2,2,5,M
2,2,2,2,1,F
,2,1,0,1,F
1,0,2,2,,
2,4,2,13605.3953,7,
2,17286.4787,16779.0728,8,1,
16732.7046,2,2,10,2,F
5,10,2,,2,
2,,1,,0,
4,230,2,1,1,
,1,,,10298.7798,M
,,,2,15,
,2,1,1,10,F
1,1,2,3,,M
2,1,1,1,,M
2,1,1,2,2,M
2,1,1,1,,M
,1,146,3.82,2,M
139,1.02,97402,2,1,
97403,1,80,6,2,M
9,3,2,,0,
2,,1,,1,
1,2,,1,1,F
4,1,2,2,2.24,M
2,2,2,2,1,F
2,2,1,0,1,F
2,1,1,3,,M
1,3,1,14517.7549,,
1,82645.4935,88951.5799,9,1,
31491.2622,5,5,10,2,
7,10,2,,2,
2,,1,117,0,
5,,2,1,4,
2,1,,1,195462.4553,M
6,5,,2,15,
,2,,1,10,F
2,,,5,,
2,2,2,1,,F
3,0,2,2,1,
1,1,2,1,,M
,2,137,0.82,2,F
142,1.58,97427,1,1,
97428,1,77,3,5,M
51,3,2,2,0,
2,,1,,1,
2,4,,1,2,
,1,2,2,4.8,M
1,2,2,,2,F
2,,,3,4,
,1,1,3,,M
0,3,3,8866.246,,
3,20367.356,20541.6672,15,1,
23006.2868,6,6,10,2,
15,10,2,,,
2,,4,,0,
3,80,,1,2,
2,1,,3,42796.6992,M
8,4,,2,7,
,2,1,1,10,F
2,2,2,2,,F
,2,1,1,189,F
4,0,2,1,1,
1,1,2,2,5,M
,1,147,3.98,2,M
138,,97452,2,,
97453,1,67,1,4,M
9,4,2,,0,
1,,1,,2,
1,,5,1,1,
,1,1,2,5,M
2,2,2,2,1,F
2,,,1,4,
1,0,0,4,,
1,2,2,24198.2981,,F
2,56092.8201,55242.6903,15,1,
17949.0586,15,15,10,2,
3,10,2,,2,
2,,1,57,2,
1,112,,2,3,
1,1,,6,102794.1342,M
,6,2,2,2,
,2,1,1,10,F
1,1,1,2,,M
2,4,4,0,,
3,0,1,1,1,
1,1,2,2,,M
1,2,141,2.39,2,F
136,0.84,97477,2,1,
97478,2,47,1,6,F
2,1,1,,1,M
1,,1,,1,
1,,4,1,2,
2,1,2,2,1.24,M
2,2,2,2,1,F
2,2,1,0,3,F
1,2,0,2,,F
0,4,,9919.8017,,
2,20907.8247,20693.8767,15,1,
63390.021,12,12,10,2,
15,10,2,,2,
2,,2,51,1,
3,,2,1,3,
,1,,,4541.17,M
,,,2,6,
2,2,1,1,10,F
1,1,2,4,,M
2,3,3,0,140,
5,0,2,1,1,
2,3,,2,4,
,1,136,,2,M
134,1.72,97502,1,,
97503,1,9,3,4,M
10,3,1,,0,
1,,1,,3,
1,,4,1,1,
4,1,2,2,3.59,M
2,2,2,,2,F
2,2,1,0,4,F
1,0,0,4,,
0,2,2,10295.4953,,F
2,57494.5566,60482.0409,15,1,
31821.4712,13,13,10,2,
8,10,1,,,
2,,2,,0,
3,203,,1,4,
1,1,,1,13192.7583,M
,5,,2,5,
,2,1,1,10,F
1,1,2,4,,M
2,3,1,0,,
1,1,1,2,1,M
2,1,2,1,,M
3,2,145,2.67,2,F
138,1.15,97527,1,1,
97528,2,12,3,3,F
5,1,1,,0,M
2,,1,5,1,
1,,4,1,1,
3,1,2,2,3.25,M
2,2,2,2,1,F
2,,,2,2,
1,0,0,4,1,
0,4,1,8922.0587,,
2,45369.0322,47144.5967,6,1,
21999.8546,14,14,10,2,
14,10,2,,,
2,,4,,0,
1,95,,1,2,
,1,,,18098.1261,M
,,,2,9,
,2,1,1,10,F
1,,,4,,
2,4,4,0,,
1,0,2,2,1,
2,3,,1,1,
3,1,138,4.17,2,M
138,1.02,97552,2,,
97553,2,0,4,4,F
49,3,1,,1,
1,,1,,1,
1,,,1,1,
4,1,2,2,1.73,M
2,2,2,2,1,F
2,,,1,1,
1,0,0,3,,
3,3,3,22221.603,1,
2,30346.4977,38263.2108,5,2,
6213.4688,,,10,2,
9,10,2,8,,
2,0,2,1,2,
5,12,,1,2,
2,1,,1,53997.1006,M
,5,,2,15,
,2,1,1,10,F
1,1,2,2,,M
2,4,4,0,,
2,2,1,1,2,F
1,1,1,2,5,M
2,2,139,2.57,2,F
142,0.41,97577,2,1,
97578,1,41,1,6,M
2,3,1,,0,
1,,1,,,
1,,4,1,1,
1,2,2,2,1.22,F
1,2,2,2,2,F
2,2,1,0,3,F
1,0,0,3,,
3,3,2,37895.3303,2,
2,31795.7584,32140.1586,15,1,
8966.9181,14,14,10,2,
3,10,1,,,
2,,3,,0,
5,,2,1,3,
2,1,,6,12214.0102,M
7,3,,1,6,
,2,1,1,10,F
1,,,4,,
2,6,6,2,,
1,0,2,1,1,
2,,,2,1,
,1,138,4.7,2,M
148,1.29,97602,2,1,
97603,1,39,4,4,M
2,6,2,,0,
1,,1,,2,
1,,4,1,1,
,1,2,2,0.87,M
2,2,2,1,1,F
2,2,1,0,2,F
1,0,0,2,2,
0,4,2,8073.2321,,
3,8924.1656,9023.0043,10,2,
18596.6686,2,2,10,2,F
2,10,1,,,
2,,3,30,2,
4,,2,1,3,
2,1,,1,31453.8909,M
,1,,2,9,M
2,2,1,1,10,F
1,1,2,6,,M
2,4,4,0,,
2,2,1,1,2,F
1,1,3,1,,M
,2,139,2.15,2,F
142,1.74,97627,2,1,
97628,1,0,3,5,M
33,3,1,,0,
2,,1,,1,
1,13,,1,1,
,1,1,2,0.85,M
2,2,2,,1,F
2,,,1,2,
1,0,0,4,,
0,2,3,12956.4041,,F
2,11758.9735,12549.3688,14,1,
43245.388,3,3,10,2,
4,10,2,,2,
2,,3,,0,
3,,1,1,4,
2,1,,4,51824.4174,M
5,5,,2,1,
,2,1,,10,F
2,1,2,5,,M
2,3,3,0,,
3,2,2,1,1,F
2,2,,1,3,F
,2,147,2.37,2,F
140,0,97652,1,1,
97653,2,2,3,4,F
2,6,1,,0,
2,,1,,1,
1,,5,1,2,
4,1,2,2,1.68,M
1,2,2,,1,F
2,2,2,0,3,F
,2,0,2,,F
1,2,2,34314.783,,F
3,19626.9316,21744.9447,,1,
27415.3633,7,7,10,2,
15,10,2,,,
2,,4,,0,
4,,2,1,4,
1,1,,2,11023.7976,M
,,,2,8,
2,2,1,1,10,F
,2,2,7,,F
2,3,3,0,5,
4,0,1,1,1,
1,1,1,1,3,M
,1,143,0.55,2,M
138,5,97677,1,,
97678,1,11,7,6,M
4,6,1,,0,
2,,1,,1,
1,,,1,2,
2,1,2,2,1.82,M
2,2,2,2,2,F
2,2,1,0,2,F
1,0,0,2,,
2,3,2,12077.2362,,
2,32448.3327,0,7,1,
12622.6675,7,7,10,2,
6,10,2,,,
2,,4,,0,
2,,2,2,3,
2,1,,2,11301.1348,M
,,,2,8,
,2,1,1,10,F
1,1,2,3,,M
2,2,2,2,,F
4,0,2,2,1,
2,1,2,2,,M
2,1,142,4.04,2,M
137,5,97702,2,1,
97703,1,35,2,6,M
54,4,2,,0,
2,,2,,1,
2,,4,2,2,
,2,1,2,,F
2,2,2,2,2,F
2,2,1,2,4,F
,1,0,3,,M
0,4,2,51267.4154,,
2,11988.4131,12110.9313,5,1,
23428.1434,13,13,10,2,
15,10,2,,2,
2,,3,,0,
3,149,,1,2,
,1,,,15969.5909,M
,2,,2,7,F
,2,1,1,10,F
1,,,7,,
,2,1,0,232,F
7,0,1,1,1,
1,2,,2,,F
,1,135,0.8,2,M
135,0.73,97727,1,1,
97728,1,79,3,2,M
16,3,2,,0,
1,,1,11,1,
1,,,1,2,
,1,1,2,1.59,M
1,2,2,,1,F
2,,,1,1,
1,0,0,3,,
2,2,1,12677.2519,,F
2,135988.751,141308.6338,15,1,
8117.3184,10,10,10,2,
2,10,2,,,
2,,3,,0,
4,145,,1,3,
2,1,4,1,17239.6483,M
6,1,,2,15,M
,2,1,1,10,F
1,1,2,2,,M
2,5,5,0,,
3,2,1,1,1,F
1,1,,2,3,M
,1,147,4.15,2,M
144,3.59,97752,1,1,
97753,1,62,3,2,M
12,3,2,,0,
1,,1,7,1,
1,,2,1,1,
,1,1,2,0.68,M
2,2,2,2,2,F
2,2,,1,2,F
2,0,0,3,,
0,4,3,29473.3302,,
2,106396.6547,105240.3839,15,1,
51861.1421,14,6,10,2,
14,10,2,,1,
2,,5,,0,
4,,,1,2,
2,1,,4,35292.2129,M
9,1,,2,5,M
,2,1,1,10,F
1,1,2,2,,M
2,5,5,0,,
3,0,2,3,2,
1,2,,2,4,F
,1,134,1.53,2,M
134,,97777,1,1,
97778,2,14,3,6,F
46,4,1,2,0,
2,,1,,1,
1,0,,1,1,
4,1,2,2,,M
2,2,2,2,1,F
2,2,1,1,3,F
,0,2,3,,
3,3,3,10247.0483,,
2,19398.3133,20562.2761,5,1,
24626.6431,14,14,10,2,
14,10,2,,2,
2,,4,141,1,
4,180,,1,3,
2,1,,,16657.5603,M
6,5,,2,7,
2,2,1,1,10,F
2,1,2,7,,M
2,6,6,1,215,
3,0,1,1,1,
2,1,2,1,,M
2,2,136,3.59,2,F
144,5,97802,1,1,
97803,1,5,6,5,M
4,6,2,,1,
2,,1,9,1,
1,15,,1,1,
,2,1,2,0.2,F
1,2,2,,1,F
,2,,0,7,F
1,0,0,3,,
0,2,2,24782.9998,4,F
2,23784.0789,25314.3642,1,1,
44348.2958,8,8,10,2,
77,10,2,11,,
2,,3,110,0,
5,,2,1,4,
,1,,,8005.0872,M
,,,2,7,
,2,1,,10,F
1,,,7,,
2,4,4,0,,
5,1,1,3,1,M
1,1,2,2,,M
,1,135,1.66,2,M
139,0.85,97827,1,1,
97828,1,74,1,2,M
24,4,2,,0,
1,,1,,2,
1,,3,1,2,
3,1,2,2,1.97,M
1,2,2,,1,F
2,,,1,4,
1,0,2,3,,
3,4,2,16649.7873,,
3,13372.5986,13350.1071,14,1,
15914.3128,14,14,10,2,
9,10,2,,2,
2,,3,,1,
1,23,,1,2,
,1,,,16137.4585,M
,,,2,6,
,2,1,1,10,F
1,1,2,4,,M
2,2,2,2,,F
6,0,2,1,1,
2,1,,1,1,M
3,2,146,,2,F
147,,97852,2,1,
97853,2,20,6,3,F
0,1,1,,0,M
2,,1,3,1,
1,0,,1,2,
,1,1,2,3.28,M
2,,,,1,
,2,1,0,3,F
,2,1,2,,F
1,3,2,23751.9742,15,
2,15792.5518,16653.6111,2,1,
20242.1387,6,6,10,2,
15,10,2,,2,
2,,3,,0,
3,80,,1,2,
2,1,,6,180082.4654,M
,1,,2,7,M
,2,1,1,10,F
1,1,2,3,,M
,5,5,0,,
5,0,1,1,1,
1,1,3,2,,M
,2,144,0.65,2,F
144,,97877,2,,
97878,2,49,4,2,F
4,7,2,,0,
1,,1,,1,
1,7,,1,1,
,1,2,2,5,M
2,2,2,2,1,F
2,,,1,7,
,2,0,2,,F
1,4,2,20741.9698,,
2,20859.4574,0,4,1,
21604.7273,10,10,10,2,
15,10,2,,2,
2,,5,,0,
4,190,,1,3,
1,1,,1,10756.1162,M
,3,,2,3,
,2,1,1,10,F
1,1,2,4,,M
2,3,3,0,138,
4,0,1,1,1,
2,1,,2,,M
,2,139,0.15,2,F
144,1.77,97902,1,2,
97903,2,78,3,2,F
34,4,1,,0,
1,,1,,2,
1,1,,1,1,M
,1,1,2,2.85,M
2,2,2,2,2,F
2,2,1,0,3,F
1,0,1,3,,
3,2,2,11506.9847,,F
,19427.7602,20426.5692,10,2,
0,8,8,10,2,
15,10,2,,2,
2,,3,,0,
3,10,,1,2,
2,1,,,15892.1967,M
99,2,,1,2,F
,2,1,,10,F
1,,,6,,
2,5,5,0,,
3,0,1,1,1,
1,1,3,2,,M
3,1,134,5,2,M
142,2.92,97927,2,1,
97928,1,56,1,4,M
76,3,1,,2,
2,,1,,3,
1,10,,1,2,
1,2,1,2,0.72,F
1,2,2,2,1,F
2,2,1,0,2,F
2,0,1,3,,
0,4,,16565.6647,,
3,14139.2583,16134.5875,10,1,
18829.2155,9,9,10,2,
7,10,2,,1,
2,,1,,0,
3,,,1,2,
2,1,,,37597.984,M
,1,,2,9,M
1,2,1,1,10,F
1,1,2,4,,M
2,2,2,2,,F
4,0,2,3,1,
1,1,2,1,5,M
,2,146,2.22,2,F
138,5,97952,1,1,
97953,2,7,7,5,F
67,1,2,,2,M
2,,1,,2,
1,,3,1,2,
,1,1,2,2.26,M
2,2,2,2,1,F
2,,,0,6,
1,1,0,2,,M
2,4,3,73283.4278,,
2,13695.9423,14921.5134,15,1,
59165.9873,6,6,10,2,
3,10,2,,2,
2,,3,,0,
1,,2,1,3,
,1,,,15395.3902,M
8,4,,2,99,
,2,1,1,10,F
1,1,2,2,,M
2,3,3,0,,
2,2,1,1,2,F
1,1,1,1,,M
,2,141,1.05,2,F
144,0.25,97977,1,1,
97978,2,41,4,1,F
14,3,1,,0,
1,2,1,,1,F
1,,,1,1,
4,1,2,,,M
2,2,2,2,1,F
2,2,,0,4,F
,0,0,4,,
1,2,2,22822.587,,F
2,152673.9964,168066.6413,14,1,
10456.5857,4,4,10,2,
10,10,1,,,
2,,5,228,0,
5,76,,1,3,
,1,,,29941.3678,M
,,,2,10,
,2,1,2,10,F
1,1,2,3,,M
2,2,2,2,55,F
3,0,2,1,1,
2,3,,2,,
2,1,145,1.3,2,M
136,0.01,98002,1,1,
98003,2,8,3,4,F
17,4,2,,0,
1,,1,,2,
1,,3,1,2,
4,1,2,2,4.47,M
2,2,2,2,1,F
2,2,1,0,6,F
1,1,1,2,,M
0,4,2,9162.9238,6,
2,7549.1423,7492.2604,13,1,
17299.7525,5,5,10,2,
15,10,2,,2,
2,,4,,0,
3,6,,1,2,
2,1,,5,31579.2044,M
,1,,2,6,M
,2,1,,10,F
1,1,2,5,,M
2,4,4,0,,
5,1,2,1,2,M
1,1,1,1,,M
,2,148,0.87,2,F
142,0.54,98027,1,,
98028,2,34,3,3,F
66,6,1,,1,
2,,1,,3,
1,,2,1,2,
5,1,2,2,5,M
2,2,2,2,1,F
2,2,1,0,1,F
1,2,0,2,,F
2,2,3,26552.7752,0,F
1,39067.0251,49657.5726,99,1,
13483.9028,7,7,10,2,
6,10,2,,2,
2,,1,,0,
3,105,,1,2,
2,1,,6,10311.5928,M
,,,2,2,
2,2,1,1,10,F
1,1,2,5,,M
2,6,6,0,,
5,0,1,1,1,
1,1,1,2,6,M
,2,146,1.41,2,F
141,3.25,98052,2,1,
98053,1,57,6,4,M
43,3,2,,0,
1,,1,,1,
1,,3,1,1,
4,1,2,,,M
2,2,2,2,2,F
2,,,2,3,
,0,0,4,,
3,3,3,10541.0067,,
2,21686.1107,24368.8941,8,1,
24588.9066,4,4,10,2,
10,10,2,,2,
2,,1,233,0,
5,,2,1,2,
,1,,,30992.2144,M
,,,2,15,
,2,1,,10,F
1,1,2,2,,M
,5,5,0,,
5,0,1,1,1,
2,1,,1,3,M
,1,141,5,2,M
146,5,98077,1,1,
98078,2,9,3,5,F
11,7,2,,0,
2,,1,,2,
1,,1,1,1,
4,1,2,2,0.44,M
2,,,2,2,
2,2,,0,2,F
,0,0,3,,
0,4,2,46070.8339,,
2,81101.5959,90248.4317,7,1,
102800.053,15,15,10,2,
8,10,2,,2,
2,,3,43,2,
1,,2,2,3,
,1,,,8075.0762,M
6,6,,2,10,
,2,1,1,10,F
,2,2,7,,F
2,2,1,0,46,F
6,1,1,1,1,M
1,1,3,1,1,M
3,2,147,5,2,F
137,,98102,2,1,
98103,1,37,4,1,M
3,6,2,,0,
1,,1,,1,
2,,1,2,1,
1,2,2,2,,F
1,2,2,,1,F
1,1,,0,6,M
,0,0,4,,
1,3,3,7703.7187,,
2,23986.1349,24219.5265,4,1,
90876.6006,6,6,10,2,
6,10,2,,,
2,,3,62,1,
4,107,,1,2,
,1,,,85533.8101,M
,5,2,2,14,
1,2,1,1,10,F
1,1,2,2,,M
2,4,4,0,57,
5,0,1,1,1,
1,1,1,1,1,M
3,1,144,5,2,M
141,,98127,2,,
98128,2,9,6,5,F
14,6,1,,0,
2,,1,,1,
1,,4,1,2,
,2,1,2,0.76,F
2,2,2,2,1,F
2,2,2,0,3,F
1,0,2,3,,
0,2,2,11062.919,,F
,9422.9055,10274.7891,,1,
23947.9439,4,4,10,2,
6,10,2,,,
2,,1,,0,
4,,2,1,4,
2,1,9,2,16944.7112,M
,5,,2,7,
2,2,,1,10,F
1,1,2,3,,M
2,3,3,0,,
6,0,2,2,1,
2,1,,1,,M
1,1,135,1.34,2,M
140,1.43,98152,1,1,
98153,1,55,6,2,M
7,1,1,,0,M
2,,1,,1,
2,,2,1,2,
,1,1,2,5,M
2,2,2,2,1,F
2,,,1,1,
,2,1,2,,F
0,3,2,104843.0174,,
1,19573.2253,21062.3894,,1,
16646.8928,15,15,10,2,
10,10,2,,2,
1,24,3,,1,
2,72,,1,3,
2,1,,1,30005.3563,M
,4,2,2,7,
,2,,1,10,F
1,,,5,,
2,2,2,1,,F
3,2,2,1,1,F
2,1,2,2,1,M
3,1,139,5,2,M
136,1.74,98177,2,1,
98178,1,47,3,6,M
0,2,2,,1,F
1,,2,,2,
1,,,1,2,
,1,1,2,1.03,M
1,2,2,,2,F
2,2,1,1,3,F
,0,1,3,,
1,3,3,106120.0664,,
3,50885.8033,53594.9661,14,1,
35955.9607,14,14,10,2,
14,10,2,,2,
2,,1,25,2,
4,4,,1,2,
,1,,,20317.1357,M
7,1,,2,15,M
,2,1,1,10,F
1,,,7,,
2,2,2,2,,F
2,2,1,1,1,F
1,1,3,1,,M
,1,136,1.22,2,M
135,0.58,98202,1,1,
98203,1,35,3,4,M
60,3,2,,1,
2,,1,,2,
1,,,1,2,
4,1,2,2,,M
2,2,2,2,1,F
2,2,1,0,4,F
1,0,3,2,1,
0,4,1,20180.1455,15,
2,32506.3163,34380.3262,1,1,
14425.0535,12,12,10,2,
9,10,2,,2,
2,,2,,0,
1,,,2,2,
2,1,,1,42524.6694,M
,,,2,5,
,2,1,1,10,F
1,1,2,5,,M
2,1,1,0,,M
1,0,1,3,1,
1,1,,1,6,M
,1,144,2.07,2,M
139,3.05,98227,2,2,
98228,2,52,4,3,F
10,3,2,,0,
2,,1,,1,
2,8,,2,2,
,1,1,2,0.95,M
1,2,2,2,1,F
2,,,2,2,
,0,2,3,,
0,4,1,10928.8828,,
2,15962.6579,16940.4598,7,1,
27277.3819,6,6,10,2,
15,10,2,10,,
2,,5,,0,
4,,2,1,3,
2,1,,5,12127.604,M
,2,,2,,F
,2,1,,10,F
1,,,5,,
,3,3,0,88,
4,0,2,1,1,
2,2,,2,2,F
,2,136,5,2,F
143,,98252,1,1,
98253,2,59,6,4,F
2,1,1,,0,M
2,,1,13,1,
1,,3,1,1,
4,1,2,2,3.43,M
2,2,2,2,2,F
2,2,1,0,3,F
1,1,3,3,,M
1,2,2,12207.0718,,F
3,43859.4706,46680.3485,12,2,
24824.1055,3,3,10,2,
14,10,2,20,,
2,,2,,1,
4,,2,1,2,
,1,,,36734.6534,M
,3,,2,14,
,2,1,1,10,F
1,1,2,3,,M
2,2,2,0,100,F
7,0,1,1,1,
2,1,3,1,,M
2,1,144,0.52,2,M
147,0.96,98277,2,1,
98278,2,70,3,2,F
8,3,1,,0,
2,,2,,1,
1,,,1,1,
,1,1,2,0.81,M
1,2,2,2,2,F
2,2,1,0,6,F
1,0,0,2,,
0,2,2,5648.8593,,F
1,16594.8523,16764.447,12,1,
43145.7635,12,99,10,,
,10,2,,2,
2,,4,65,2,
4,,2,1,3,
2,1,,1,26512.4608,M
,,,2,15,
2,2,1,1,10,F
2,1,2,5,,M
2,2,2,0,,F
1,0,2,1,2,
2,1,2,2,1,M
2,1,145,2.44,2,M
143,5,98302,1,2,
98303,2,34,4,5,F
79,3,1,,1,
2,,1,8,3,
1,,,1,1,
,1,1,2,2.36,M
2,2,2,2,2,F
2,2,,0,1,F
1,0,0,3,,
3,2,2,19143.3012,2,F
1,25830.889,26784.3217,77,1,
0,15,15,10,2,
2,10,1,,,
2,,3,,0,
5,125,,1,3,
2,1,,3,18650.1412,M
,,,2,2,
,2,,1,10,F
1,,,5,,
2,4,4,0,,
4,0,2,1,1,
1,2,,2,,F
,2,141,0.55,2,F
141,5,98327,2,1,
98328,2,30,6,2,F
0,1,1,,1,M
2,,1,9,1,
2,,4,1,2,
4,1,2,2,0.52,M
2,2,2,2,1,F
2,2,1,0,3,F
,2,1,2,,F
1,3,3,21429.3934,0,
2,45729.8038,50507.9752,15,1,
34938.7935,5,5,10,2,
4,10,2,,2,
2,,3,,0,
5,113,,1,2,
2,1,,5,13656.2927,M
,2,,2,8,F
,2,1,,10,F
1,,,4,,
,1,1,1,69,M
4,0,1,1,1,
1,1,3,2,1,M
,2,148,3.32,2,F
137,2.92,98352,1,1,
98353,2,68,6,2,F
57,4,2,,1,
2,,2,,1,
1,,,1,2,
3,1,2,2,0.96,M
2,2,2,2,1,F
2,2,1,0,3,F
,0,0,4,,
0,3,2,13577.2828,,
2,25397.7009,0,10,2,
60116.8093,5,5,10,2,
15,10,2,,,
2,,4,,0,
5,75,,1,3,
1,1,,3,44215.9951,M
,1,,2,6,M
,2,1,1,10,F
1,1,2,3,,M
2,1,1,1,,M
2,2,2,1,1,F
2,2,,2,,F
1,2,138,0.05,2,F
144,,98377,2,,
98378,2,17,1,5,F
63,4,1,,1,
2,,1,6,1,
2,,5,1,2,
,2,1,2,,F
2,2,2,2,2,F
2,2,2,0,3,F
1,0,0,4,,
2,3,1,13067.2272,,
2,7877.8786,8376.0002,3,1,
8753.6842,15,15,10,2,
7,10,2,,2,
2,,3,,0,
4,,1,1,3,
2,1,,2,11557.5757,M
,6,2,2,10,
1,2,1,1,10,F
1,1,2,7,,M
,3,3,0,124,
3,0,1,1,1,
1,1,3,2,,M
2,2,139,1.34,2,F
144,5,98402,1,1,
98403,1,27,6,5,M
14,4,1,,0,
,,1,,1,
1,7,,1,1,
,2,1,2,0.48,F
2,2,2,2,1,F
2,,,2,3,
,0,2,2,,
0,1,2,13574.4453,,M
2,10951.1692,11510.8353,7,1,
13981.7489,3,3,10,2,
8,10,2,,,
2,,5,,0,
3,,2,1,4,
,1,,,15907.6884,M
4,,,2,14,
2,2,1,1,10,F
,1,2,5,,M
2,1,1,1,,M
2,2,2,2,1,F
2,1,1,2,,M
2,2,146,,2,F
147,1.2,98427,1,1,
98428,2,25,3,3,F
80,3,2,,1,
1,,1,1,1,
1,,3,1,1,
,1,1,2,2.35,M
2,2,2,2,1,F
2,,,2,4,
1,0,0,3,,
0,4,2,27930.827,,
1,16790.0367,17904.4191,5,1,
19294.3833,6,6,10,2,
15,10,2,,2,
2,,3,,0,
4,,2,1,2,
2,1,,6,128728.4578,M
,1,,2,4,M
2,2,1,1,10,F
1,1,2,4,,M
2,4,4,0,,
1,0,2,1,2,
2,1,,1,,M
,1,137,2.2,2,M
134,5,98452,1,1,
98453,1,7,4,4,M
63,1,1,,2,M
1,,1,,3,
2,,1,1,2,
4,1,2,2,2.2,M
2,2,2,2,2,F
2,,,1,1,
1,0,0,2,,
0,2,2,20504.838,,F
2,20469.6203,22291.0155,15,1,
63810.6544,1,1,10,2,M
10,10,2,,2,
2,2,4,2,2,F
3,41,,1,2,
,1,,,28839.5641,M
7,1,,2,15,M
2,1,2,2,10,M
1,,,1,,
,3,3,0,,
1,1,2,2,1,M
1,1,2,1,5,M
,2,141,,2,F
147,1.02,98477,2,1,
98478,2,3,2,5,F
27,6,2,,0,
,2,1,,1,F
1,,3,1,2,
,1,2,2,1.91,M
2,2,2,2,2,F
2,2,1,0,7,F
1,0,0,1,,
1,4,2,5342.0675,,
2,13881.4027,17412.9935,9,2,
16302.511,,,10,2,
8,10,2,,2,
2,,3,,0,
1,12,,1,2,
2,1,,,15945.845,M
,1,2,2,15,M
,2,1,1,10,F
1,1,2,3,,M
,6,6,0,,
2,2,1,1,1,F
2,1,,2,1,M
2,1,140,0.59,2,M
138,1.73,98502,2,1,
98503,1,1,4,4,M
18,4,1,,1,
1,,1,10,2,
2,,4,1,2,
,1,2,2,0.68,M
2,2,2,2,2,F
2,2,1,1,2,F
,3,3,2,,
2,2,2,28936.0929,,F
2,22680.8692,24429.8646,1,2,
20757.1069,5,5,10,2,
14,10,2,,,
2,,3,101,0,
3,,2,1,4,
,1,,,31809.6006,M
,,,2,2,
,2,1,1,10,F
,1,2,2,,M
2,5,5,0,,
3,0,2,1,1,
2,1,2,1,,M
2,1,143,3.02,2,M
136,5,98527,2,1,
98528,1,32,3,2,M
70,3,2,,2,
2,,2,,1,
1,,3,1,1,
,1,1,2,,M
1,2,2,,1,F
2,,,1,3,
,0,0,4,,
0,4,1,25683.373,,
2,16747.1865,16184.2348,14,1,
0,8,5,10,2,
12,10,2,,,
2,,1,,0,
4,,2,1,3,
,1,,,7400.6862,M
3,1,2,2,5,M
2,2,1,1,10,F
1,1,2,4,,M
2,4,4,0,,
5,0,1,1,1,
1,1,1,1,5,M
,1,144,5,2,M
138,,98552,2,,
98553,2,40,2,4,F
63,2,1,,1,F
2,,2,,2,
2,,5,1,2,
2,1,1,2,1.1,M
2,2,2,2,2,F
2,2,,0,4,F
1,0,3,3,,
0,3,3,27772.4122,,
2,7959.4905,7720.1355,3,1,
17851.4816,8,8,10,2,
15,10,2,,2,
2,,4,43,1,
3,95,,1,2,
1,1,,1,30358.1371,M
,3,,2,10,
,2,1,,10,F
,1,2,2,0,M
,5,5,0,,
2,0,2,2,1,
1,1,2,2,,M
3,2,140,4.62,2,F
141,1.31,98577,2,1,
98578,2,16,2,7,F
36,6,2,,0,
1,,1,,1,
1,,4,1,1,
,1,1,2,1.04,M
2,2,2,2,2,F
2,2,,1,1,F
1,0,0,3,1,
0,4,2,7663.6832,4,
2,12551.7252,12793.5736,,1,
14939.8655,13,13,10,2,
8,10,2,,2,
2,,4,135,0,
5,,2,1,4,
2,1,8,5,13759.3615,M
,1,2,2,15,M
,2,2,2,10,F
1,1,2,4,,M
2,2,2,2,,F
1,1,1,2,1,M
1,1,2,1,1,M
,2,142,,2,F
147,1.22,98602,2,1,
98603,2,69,7,2,F
10,3,1,,0,
2,,1,,1,
1,,4,1,1,
,1,1,2,5,M
2,2,2,2,2,F
2,2,1,0,3,F
,0,0,4,,
1,3,2,27451.9572,,
3,9460.3635,0,14,1,
22737.3247,7,7,10,,
,10,2,,2,
2,,5,,0,
5,,2,1,3,
2,2,4,,17862.4875,F
,,,1,99,
,2,1,1,10,F
1,,,4,,
2,3,3,2,186,
2,0,2,3,1,
1,1,2,2,,M
3,1,144,0.59,2,M
140,0.58,98627,1,1,
98628,1,48,1,6,M
45,3,2,,0,
1,,2,,1,
1,,2,1,1,
,1,1,,,M
1,2,2,,2,F
2,2,,0,3,F
1,0,2,3,,
3,2,1,15451.6797,,F
2,16841.8134,0,9,1,
10529.4175,6,6,10,2,
5,10,2,,2,
2,,3,,0,
3,146,,1,3,
,1,,,15196.4023,M
,,,2,15,
,2,1,1,10,F
2,2,2,4,,F
2,5,5,0,,
1,1,2,1,1,M
1,1,2,1,3,M
,2,146,,2,F
147,4.07,98652,1,,
98653,1,57,4,5,M
17,1,2,,0,M
,,1,1,3,
1,,3,1,2,
4,1,2,2,5,M
1,2,2,,2,F
2,,,1,3,
,1,2,2,,M
1,4,1,13512.8715,,
1,10057.5366,10393.9922,77,1,
32375.3648,13,13,10,2,
99,10,1,,,
2,,4,,0,
3,,2,1,4,
,1,,,14919.0867,M
,1,,2,14,M
,2,1,,10,F
1,1,2,2,12,M
,3,3,0,,
3,0,2,2,1,
2,1,,1,1,M
3,1,148,5,2,M
141,0.91,98677,1,1,
98678,1,10,6,5,M
65,1,2,,2,M
1,,1,,3,
1,,4,1,1,
1,2,2,2,0.25,F
2,,,,1,
2,2,,0,7,F
1,0,0,4,,
1,3,2,15175.0251,,
2,47713.2958,47635.6532,13,1,
20662.3669,7,7,10,2,
5,10,2,,2,
2,,2,,0,
4,,2,1,3,
2,2,7,2,26163.947,F
,1,,2,7,M
,2,1,1,10,F
1,1,2,5,,M
2,5,5,0,,
2,0,2,1,1,
1,1,2,1,,M
2,1,147,1.13,2,M
146,1.16,98702,2,1,
98703,2,69,4,1,F
9,4,2,,0,
1,,2,,1,
1,,,1,1,
4,1,2,2,4.25,M
2,2,2,2,2,F
2,,,2,1,
1,0,0,4,2,
0,3,2,101075.1606,,
2,26600.7287,27346.7772,15,1,
26185.2714,1,1,10,2,M
14,10,2,,2,
2,,4,,0,
5,,2,1,4,
2,2,3,4,52457.9749,F
,1,3,2,15,M
,2,1,1,10,F
1,1,2,5,,M
2,4,4,0,43,
4,0,2,1,1,
1,3,,1,1,
3,2,148,,2,F
138,5,98727,2,,
98728,1,41,6,3,M
30,6,1,,0,
1,,1,2,2,
1,,,1,1,
4,1,2,2,1.19,M
2,2,2,2,1,F
2,2,1,0,1,F
,1,1,2,,M
1,2,2,35243.8662,,F
,41635.7269,41989.2177,9,2,
12579.2739,7,7,10,2,
8,10,2,,2,
2,,3,,0,
1,,2,2,3,
2,1,7,1,12075.0648,M
,77,,2,,
,2,1,1,10,F
1,1,2,2,,M
2,5,5,0,,
1,0,1,3,1,
1,2,,1,,F
2,1,141,4.17,2,M
138,2.24,98752,1,1,
98753,1,15,7,4,M
0,7,2,,1,
2,,1,,2,
1,,2,1,2,
3,1,2,2,3.47,M
1,2,2,,1,F
2,,,0,3,
,2,1,2,,F
2,2,3,26505.7208,,F
2,61489.9441,66979.104,6,1,
23083.1322,13,13,10,2,
12,10,2,,,
2,,3,49,1,
5,,2,1,4,
2,1,,3,22419.6764,M
4,1,,2,15,M
,2,1,1,10,F
1,,,3,,
2,1,1,0,178,M
6,1,1,2,1,M
1,1,1,1,5,M
,1,141,5,2,M
142,1.49,98777,1,,
98778,1,42,6,4,M
0,2,2,,0,F
1,,1,,1,
1,,4,1,2,
4,1,2,2,2.65,M
2,2,2,2,2,F
2,2,1,1,3,F
,1,0,2,,M
1,3,2,45842.1633,3,
2,37123.3186,40728.7318,10,1,
37643.3758,14,14,10,,
,10,2,,2,
2,,3,,0,
4,114,,1,2,
2,1,4,1,12110.2399,M
,,,2,3,
,2,1,1,10,F
,1,2,3,,M
2,3,3,0,122,
5,0,1,1,1,
2,3,,2,,
3,2,148,1.36,2,F
146,2.77,98802,1,1,
98803,1,45,1,5,M
39,6,1,,1,
1,,1,,1,
1,,1,1,2,
4,1,2,2,2.38,M
1,2,2,,2,F
2,,,2,4,
1,0,0,4,,
0,2,2,17682.121,,F
1,28052.0143,27332.0698,7,1,
12817.7783,,,10,2,
12,10,2,,2,
2,,3,149,0,
3,,2,1,3,
,1,,,43281.8779,M
,2,,2,2,F
,2,1,1,10,F
1,,,4,,
2,6,6,0,,
7,0,2,2,1,
1,3,,2,,
,1,144,,2,M
138,0.35,98827,2,1,
98828,2,29,4,5,F
18,1,1,,0,M
1,2,1,,1,F
1,,,2,2,
5,1,2,2,1.96,M
2,2,2,2,2,F
2,2,1,0,3,F
1,0,3,2,,
0,3,,12263.1779,,
2,10203.4158,11145.6411,8,1,
68916.296,6,6,10,2,
9,10,2,,2,
2,3,4,3,1,
3,,1,1,4,
2,1,,3,92451.6077,M
,6,,2,7,
,2,1,1,10,F
1,1,2,3,,M
2,1,1,0,,M
1,1,2,2,1,M
1,1,3,2,,M
,2,136,,2,F
141,3.95,98852,1,,
98853,1,73,3,1,M
22,1,1,,0,M
1,,1,,1,
1,2,,1,1,F
5,1,2,2,5,M
2,2,2,2,1,F
1,,,1,3,
,3,2,4,,
0,2,3,5932.3124,0,F
2,36553.9565,40676.6852,4,1,
12844.8483,5,5,10,,
,10,2,,2,
2,,3,236,0,
4,,2,2,4,
2,1,,5,22627.1409,M
6,1,,2,4,M
2,2,1,1,10,F
1,1,2,7,,M
2,5,5,0,19,
4,0,2,1,1,
2,1,2,2,,M
,1,137,5,2,M
144,1.08,98877,1,1,
98878,2,42,1,6,F
3,3,2,,0,
1,,2,,1,
1,,,1,1,
,1,1,2,0,M
2,2,2,2,1,F
2,2,,0,3,F
,0,1,3,,
3,2,3,9360.1549,,F
2,30768.0365,0,10,1,
7833.1613,6,6,10,2,
6,10,2,,2,
2,,2,,0,
3,,2,1,2,
2,2,3,1,10872.4493,F
4,1,,2,12,M
,2,1,1,10,F
1,1,2,6,7,M
,4,4,0,,
2,1,1,2,1,M
2,2,,1,6,F
,2,141,4.12,2,F
147,4.43,98902,2,1,
98903,2,73,2,3,F
51,3,1,,0,
2,,1,,2,
2,,2,2,2,
5,2,2,2,1.69,F
1,2,2,2,1,F
2,2,2,0,4,F
1,0,1,3,,
2,2,2,7840.8179,,F
2,33419.2912,35470.7213,99,1,
79872.0026,14,14,10,2,
8,10,2,,,
2,,4,,0,
3,,2,1,3,
2,1,,5,24116.844,M
,,,2,7,
,2,1,1,10,F
1,1,2,2,,M
2,1,1,1,,M
4,0,2,3,1,
1,1,1,1,6,M
,2,136,1.11,1,F
138,0.64,98927,2,1,
98928,1,64,1,2,M
62,1,1,,1,M
2,,1,3,2,
1,,5,1,1,
1,2,2,2,3.32,F
2,2,2,2,2,F
2,2,,0,4,F
1,0,1,3,,
0,2,2,35450.0208,,F
2,8604.9129,9398.9727,7,1,
34113.5629,13,13,10,,
,10,2,,2,
2,,5,,0,
3,140,,1,3,
,1,,,13517.1547,M
,1,,2,7,M
,2,1,1,10,F
1,1,2,3,,M
2,4,4,0,,
5,0,1,1,1,
2,2,,2,,F
2,1,142,3.01,2,M
143,,98952,1,1,
98953,2,19,3,4,F
1,1,1,,1,M
2,,1,,1,
1,,,1,2,
4,1,2,2,2.37,M
2,2,2,2,1,F
2,2,,0,3,F
,1,2,2,,M
0,4,1,23031.2456,10,
2,17533.6633,17896.9368,5,1,
65178.0886,15,15,10,2,
3,10,2,,2,
2,,5,,0,
3,157,,1,3,
2,1,,1,86389.169,M
,,,2,99,
,2,1,,10,F
1,1,2,4,,M
2,2,2,2,20,F
6,0,1,3,1,
2,2,,2,,F
,1,143,1.75,2,M
148,5,98977,2,2,
98978,1,12,2,7,M
9,7,1,,0,
1,,2,,1,
1,,3,1,1,
4,1,2,2,2.06,M
2,2,2,2,1,F
2,2,,2,6,F
,2,0,2,,F
1,3,2,14220.2834,,
3,10332.1341,0,10,2,
21658.431,4,4,10,2,
2,10,2,,2,
1,,1,,0,
1,,1,1,3,
,1,,,26928.1803,M
,1,,2,10,M
,2,1,1,10,F
1,1,2,2,,M
2,2,2,2,,F
7,0,1,1,1,
2,1,,2,,M
,1,147,1.04,2,M
143,5,99002,1,,
99003,2,17,3,2,F
15,3,2,,0,
1,,1,,1,
1,7,,2,2,
1,1,2,2,1.67,M
1,2,2,2,2,F
2,2,1,0,7,F
,2,0,2,,F
0,3,1,10658.1302,,
2,22436.1684,25100.6912,2,1,
35664.478,7,7,10,2,
15,10,2,,2,
2,,2,,0,
3,29,,1,2,
2,1,,1,24999.9968,M
,5,2,2,7,
,2,1,,10,F
1,,,3,,
,4,4,1,,
2,0,1,3,1,
1,1,3,2,1,M
2,2,138,5,1,F
148,1.85,99027,2,1,
99028,2,42,1,2,F
46,4,1,,0,
2,,1,0,1,
1,,,1,2,
,1,1,2,4.17,M
2,2,2,2,1,F
2,,,0,3,
,0,2,2,,
3,3,2,22195.0741,8,
2,16232.8357,16581.2592,,1,
23047.0583,1,1,10,2,M
15,10,2,,,
2,,3,236,1,
4,,2,1,4,
2,1,,,27241.0096,M
,2,,2,6,F
,2,1,,10,F
1,1,2,5,,M
2,1,1,1,170,M
6,0,2,3,1,
2,1,2,2,1,M
,2,135,,2,F
139,0.88,99052,1,,
99053,2,9,4,5,F
0,1,2,,0,M
2,,1,4,3,
1,,4,1,2,
2,1,2,,,M
2,2,1,1,2,F
2,,,1,3,
1,0,0,3,,
3,2,2,6778.8054,,F
2,46229.8493,46498.5494,12,1,
22926.6103,5,3,10,2,
1,10,1,,,
2,,1,231,1,
3,,2,1,2,
2,1,,3,9237.6067,M
,2,,2,2,F
,2,1,1,10,F
1,1,2,7,,M
,6,6,0,74,
4,0,2,1,1,
1,3,,2,,
1,1,135,0.78,2,M
147,5,99077,1,,
99078,2,2,7,4,F
7,1,1,,0,M
,,1,4,2,
1,,2,1,1,
,1,2,2,,M
2,2,2,2,2,F
2,2,,0,7,F
,2,2,2,,F
2,3,2,7643.1573,,
1,6654.6545,6964.9503,7,1,
10183.8024,10,10,10,2,
8,10,1,,,
2,,1,181,0,
3,,2,1,2,
,1,,,11787.7311,M
,,,2,7,
,2,1,1,10,F
1,1,2,5,,M
,1,1,0,,M
4,0,2,3,2,
2,2,,2,4,F
,1,145,0.89,1,M
135,3.04,99102,1,2,
99103,1,39,6,6,M
63,3,1,,2,
2,,2,,1,
1,0,,1,1,
,1,2,2,5,M
2,2,2,2,2,F
2,,,1,1,
1,0,0,2,,
2,3,2,13907.7077,,
2,9956.3534,9091.3966,7,2,
0,7,7,10,,
,10,2,,,
2,,5,,0,
5,,2,1,2,
,1,,,10368.4912,M
,,,1,14,
,2,1,1,10,F
1,1,2,7,,M
,5,5,0,,
5,1,1,1,1,M
2,1,,1,5,M
3,2,138,5,2,F
137,1.91,99127,2,1,
99128,1,36,4,5,M
51,4,,,0,
1,,1,,2,
1,,4,1,1,
,1,1,2,3.25,M
2,2,2,2,1,F
2,2,,0,4,F
1,0,1,4,,
2,3,2,19474.7223,,
1,14951.7184,15769.5093,2,1,
24879.7914,2,2,10,2,F
8,10,2,,2,
2,,5,115,0,
3,93,,1,2,
,1,,,21430.0404,M
,2,,2,10,F
,2,1,,10,F
1,,,4,19,
,6,6,0,,
2,1,1,2,1,M
1,1,2,1,1,M
,2,134,,2,F
143,1.24,99152,2,1,
99153,2,53,7,2,F
24,7,1,,0,
2,,1,,1,
2,,3,1,2,
3,1,2,2,4.93,M
1,,,,2,
2,2,1,0,7,F
1,0,1,3,,
0,2,1,11375.8496,,F
2,2571.0687,2566.1839,6,1,
10572.7278,1,1,10,2,M
7,10,2,,2,
2,,1,124,0,
4,,2,1,2,
2,2,2,5,39558.6938,F
,5,,2,,
,2,1,,10,F
2,2,2,5,,F
2,2,2,2,226,F
4,0,1,,2,
2,1,,2,1,M
3,1,136,5,2,M
148,5,99177,2,,
99178,1,68,4,1,M
80,4,1,,1,
,,1,,1,
1,,4,1,2,
1,2,2,2,,F
2,2,2,2,1,F
2,2,1,0,2,F
,2,1,2,,F
0,3,2,23946.2795,,
2,17767.5012,17905.7407,5,1,
16455.9466,10,10,10,2,
14,10,2,,2,
2,,3,,0,
3,,2,1,1,
2,2,7,1,15079.7499,F
,5,2,2,6,
,2,,1,10,F
1,,,3,,
2,5,5,0,,
4,0,2,3,1,
1,1,2,1,4,M
,1,138,0.77,2,M
139,5,99202,2,1,
99203,2,6,6,4,F
65,1,1,,1,M
2,,1,3,2,
1,,,1,2,
3,1,2,2,1.18,M
2,2,2,2,2,F
2,,,2,3,
,0,0,4,,
1,3,2,37063.4203,,
3,37494.6942,47908.3462,9,1,
32991.5581,7,7,10,2,
15,10,2,,2,
2,,3,30,1,
2,206,2,1,3,
,1,,,17104.4822,M
,,,2,9,
,2,1,1,10,F
1,1,2,1,,M
,6,6,1,178,
6,0,1,1,1,
1,1,2,1,,M
,2,144,0.32,2,F
137,,99227,1,2,
99228,2,10,3,3,F
19,4,1,,0,
1,,1,,3,
1,,3,1,2,
3,1,2,2,2.47,M
2,2,2,2,1,F
2,2,1,2,4,F
,2,0,2,,F
3,2,2,38143.9233,,F
,22023.3565,27294.939,15,2,
14860.3361,9,9,10,2,
4,10,2,,2,
2,,4,,0,
1,,2,1,2,
2,1,9,1,12155.6069,M
,1,3,2,9,M
,2,1,1,10,F
1,1,2,4,,M
2,4,4,0,,
2,2,1,1,1,F
1,1,2,1,,M
2,1,137,1.22,2,M
137,4.08,99252,1,,
99253,2,7,6,4,F
7,1,1,,1,M
1,,1,,1,
2,,1,2,2,
3,2,2,2,1.78,F
2,2,2,2,2,F
2,2,,0,3,F
1,0,1,3,,
2,2,3,11596.7155,,F
1,9472.0793,9185.0409,8,1,
11282.2952,7,7,10,2,
10,10,2,,2,
2,,5,122,2,
5,16,,1,2,
,1,,,5042.2571,M
,3,,2,5,
,2,1,1,10,F
1,,,1,,
,7,7,0,65,
4,0,2,1,1,
1,1,3,1,,M
,2,134,0.87,2,F
140,,99277,1,1,
99278,1,35,4,2,M
34,1,1,,0,M
1,,1,,1,
1,,,1,1,
4,1,2,2,0.96,M
2,2,2,1,1,F
2,2,2,0,1,F
1,0,0,4,,
2,3,3,84430.4168,,
,36338.9586,38482.7756,15,1,
0,,,10,2,
6,10,2,,2,
2,,4,,0,
3,,2,1,2,
1,1,,3,15730.6266,M
,,,2,2,
,2,2,1,10,F
1,1,2,1,,M
2,3,3,0,,
3,0,2,2,2,
2,2,,2,1,F
,1,138,1.83,2,M
145,,99302,1,1,
99303,2,68,4,1,F
29,1,2,,0,M
1,,2,,1,
1,11,,1,1,
,1,1,2,2.03,M
2,2,2,2,2,F
2,2,,0,2,F
,0,0,4,1,
0,4,3,52180.8051,,
2,8493.5422,9341.2556,9,1,
12020.1218,8,8,10,2,
5,10,2,,2,
2,,1,,0,
5,,2,1,4,
2,1,,5,18898.1488,M
,,,2,14,
2,2,1,1,10,F
1,1,2,3,,M
2,1,1,0,121,M
6,0,1,1,1,
2,1,,2,,M
2,2,147,,2,F
137,,99327,1,1,
99328,1,6,1,5,M
60,6,1,,1,
2,,1,,1,
1,,,1,2,
5,1,2,2,2.2,M
2,2,2,2,1,F
2,,,2,7,
1,0,3,3,,
0,2,3,18234.1499,0,F
3,59820.0466,0,15,2,
53728.4223,7,7,10,2,
14,10,2,,2,
2,,3,,0,
1,77,,1,2,
2,1,,1,45873.5444,M
6,1,,2,12,M
,2,2,2,10,F
1,1,2,2,,M
2,5,5,0,,
1,1,2,2,1,M
2,1,2,1,5,M
,2,144,1.02,2,F
139,4.27,99352,2,,
99353,2,30,4,2,F
19,3,2,,0,
1,,1,3,1,
1,,,1,2,
,1,1,2,1.02,M
2,2,2,2,2,F
2,2,1,0,1,F
,2,3,2,1,F
0,2,2,87132.1051,,F
2,16795.83,18690.4791,7,1,
55616.2465,15,15,10,2,
4,10,2,,2,
2,,1,,0,
1,116,,1,3,
,1,,,9050.8371,M
,,,2,8,
,2,1,1,10,F
1,1,2,2,,M
2,1,1,1,182,M
6,0,2,1,1,
2,3,,2,,
2,1,141,1.86,2,M
147,5,99377,2,2,
99378,2,36,1,1,F
4,3,1,,0,
1,,1,,1,
2,,9,2,2,
,1,1,2,,M
2,2,2,2,1,F
2,,,1,3,
1,0,0,4,,
3,3,2,11208.4975,,
1,29717.5611,33401.1674,15,1,
17290.909,15,15,10,,
,10,2,,2,
2,,4,,0,
4,,2,1,3,
1,1,,1,15309.2304,M
,5,,2,77,
,2,1,1,10,F
1,1,2,2,,M
,2,2,2,87,F
4,0,2,1,1,
1,1,,2,1,M
1,1,135,1.95,2,M
135,3.4,99402,1,1,
99403,2,11,1,4,F
34,2,2,,0,F
1,2,1,,1,F
1,,,1,1,
4,1,2,2,3.25,M
1,2,2,,2,F
2,2,,1,3,F
1,0,0,3,,
0,4,3,44558.9224,,
1,10264.1359,10980.2436,6,1,
17394.9236,6,6,10,2,
15,10,2,,2,
2,,2,,0,
5,222,2,2,3,
2,1,,1,28256.878,M
6,1,,2,1,M
,2,1,1,10,F
1,1,2,1,,M
2,3,3,0,19,
4,1,2,1,1,M
2,1,2,1,1,M
,1,140,1.73,2,M
142,,99427,2,1,
99428,2,19,2,5,F
62,4,2,,1,
1,,1,,1,
1,,4,1,1,
,1,1,2,4.81,M
1,2,2,,1,F
,2,1,1,2,F
1,0,0,2,,
0,2,2,21356.3491,,F
2,47471.431,53929.6833,8,1,
18894.2022,5,5,10,2,
3,10,2,,2,
2,,2,,0,
3,,2,1,3,
2,1,,1,122695.2059,M
,3,,2,10,
,2,1,1,10,F
1,1,2,4,,M
,4,4,0,,
2,0,1,1,1,
1,1,3,2,,M
2,1,136,5,2,M
147,1.04,99452,2,1,
99453,2,29,2,7,F
57,4,2,,0,
1,,1,7,1,
2,,5,1,2,
2,2,2,2,,F
1,2,2,,2,F
2,2,1,0,2,F
2,2,0,2,,F
0,4,1,9571.4612,6,
1,14021.7647,17394.9236,6,1,
53906.5847,6,3,10,2,
1,10,2,,2,
2,,2,,0,
3,137,,1,2,
,1,,,8386.2056,M
,1,,2,15,M
,2,1,1,10,F
1,1,2,3,,M
2,6,6,1,,
5,0,1,1,1,
2,2,,1,3,F
,1,144,4.98,2,M
143,1.49,99477,1,2,
99478,2,1,1,3,F
58,1,1,,0,M
1,,1,7,1,
1,,3,1,2,
,1,1,2,3.03,M
2,2,2,2,2,F
2,2,1,0,3,F
,1,0,2,,M
0,4,3,10392.7161,3,
2,10999.8583,11898.6965,77,1,
37792.2456,7,7,10,2,
14,10,1,,,
2,,1,225,1,
3,,1,1,4,
,1,,,19570.5728,M
7,5,,2,5,
2,2,1,1,10,F
1,1,2,5,,M
2,5,5,0,,
1,0,2,1,1,
1,1,,2,1,M
1,2,135,5,2,F
134,4.31,99502,1,1,
99503,2,61,4,2,F
10,3,,,0,
1,,1,,3,
1,,2,1,2,
2,1,2,2,2.64,M
1,,,,2,
2,2,,0,6,F
3,0,0,3,,
0,3,2,266718.433,,
1,6728.7812,6999.4012,4,1,
18414.2161,77,77,10,2,
14,10,2,15,,
2,,1,129,0,
1,,2,1,3,
2,1,,1,16827.1782,M
,3,,2,9,
,2,1,1,10,F
1,1,2,2,,M
,3,2,1,52,
5,0,2,1,1,
1,1,1,2,6,M
2,2,146,,2,F
141,5,99527,1,,
99528,2,3,3,6,F
0,1,2,,0,M
1,,1,,1,
2,,4,2,1,
1,1,2,2,1.39,M
2,2,2,2,2,F
,,,0,1,
,0,0,4,,
0,2,2,17579.9495,,F
1,7458.7476,0,6,1,
182443.7414,15,15,10,2,
3,10,2,,2,
2,,4,,0,
3,148,,2,3,
2,2,8,1,8133.037,F
,,,2,6,
,2,1,1,10,F
1,,,3,,
2,3,1,0,,
2,2,1,1,1,F
1,1,3,1,,M
3,1,139,2.85,2,M
134,5,99552,2,1,
99553,1,10,6,4,M
72,3,2,,1,
2,,1,4,1,
1,,3,1,2,
,1,1,2,1.04,M
1,2,2,,2,F
2,2,1,0,1,F
,0,1,2,,
3,3,3,33801.3322,1,
2,8235.7092,10397.3798,7,1,
24869.956,77,77,10,2,
14,10,2,,2,
2,0,5,1,1,
5,194,,1,3,
2,1,7,3,40499.5084,M
,,,2,5,
,2,,1,10,F
1,1,2,5,,M
,4,4,0,,
1,0,1,3,1,
1,1,3,1,3,M
,1,148,5,2,M
136,,99577,2,1,
99578,1,10,3,2,M
17,3,2,,0,
2,1,1,,1,M
1,2,,1,1,F
,1,1,2,1.26,M
2,2,2,2,1,F
2,2,1,0,4,F
1,0,3,2,,
2,2,1,11179.2236,11,F
2,21072.6813,21590.481,7,1,
17851.4816,8,8,10,2,
15,10,2,,2,
2,,4,168,1,
5,55,,1,2,
2,1,,1,23205.4109,M
,,,2,6,
,2,1,,10,F
1,1,2,4,,M
2,2,2,2,124,F
5,0,1,1,1,
2,1,2,1,6,M
,2,148,0.08,2,F
142,3.75,99602,2,1,
99603,1,70,3,2,M
80,3,2,,2,
2,2,1,,1,F
1,,4,1,1,
,1,1,2,2.06,M
1,2,2,2,1,F
2,2,1,1,2,F
,0,2,3,,
2,3,2,21280.5932,,
2,33036.5212,39331.7808,6,1,
54689.3791,15,15,10,2,
14,10,2,,2,
2,,3,,2,
4,191,,1,3,
1,1,,1,25059.5074,M
,5,,2,3,
,2,1,,10,F
,1,2,4,,M
2,2,2,2,14,F
2,0,2,,1,
1,1,,2,1,M
3,1,143,5,2,M
136,1.22,99627,1,,
99628,2,52,1,4,F
14,4,1,,0,
2,,1,,2,
2,,5,1,2,
,1,2,2,5,M
2,2,2,2,2,F
2,,,1,4,
1,0,0,4,,
1,3,2,19274.2168,,
3,14614.4066,17202.9684,15,1,
9784.5736,9,9,10,2,
6,10,2,,,
2,,4,,2,
4,,2,1,3,
2,1,,2,19445.1211,M
,,,2,,
,2,1,1,10,F
1,,,2,,
2,1,1,1,74,M
3,0,2,2,1,
2,2,,1,,F
2,1,137,1.21,2,M
146,1.36,99652,1,,
99653,1,53,2,2,M
5,3,2,,0,
2,,1,,3,
2,,,1,2,
,1,1,2,2.59,M
2,2,2,2,2,F
2,2,1,0,3,F
,0,0,4,,
0,3,2,10173.6287,,
2,15108.9307,15389.5027,7,1,
31064.726,3,3,10,2,
5,10,2,,2,
2,,5,56,1,
1,38,,1,2,
2,1,,2,7834.0462,M
,,,2,6,
,2,1,1,10,F
1,1,2,5,,M
,4,4,0,33,
6,0,2,1,1,
1,1,2,1,1,M
,2,146,3.71,2,F
139,1.71,99677,1,1,
99678,2,38,6,3,F
61,2,2,,1,F
2,,1,,2,
1,7,,1,2,
5,1,2,2,5,M
2,2,2,2,2,F
2,1,3,1,2,M
,0,1,2,,
1,3,2,35646.5924,2,
2,43910.7799,56936.5702,15,1,
9614.9049,15,15,10,2,
1,10,2,,2,
2,,1,,0,
3,47,,1,2,
,1,,,11408.3556,M
,1,,2,15,M
2,2,1,1,10,F
1,1,2,4,,M
2,5,5,0,,
2,2,2,1,1,F
2,2,,2,1,F
3,2,139,4.56,2,F
135,1.52,99702,1,1,
99703,2,80,3,1,F
3,2,1,,0,F
2,,2,,1,
2,5,,2,2,
1,2,2,2,2.72,F
2,2,2,2,1,F
2,2,1,0,7,F
1,1,2,2,,M
0,3,2,9601.0909,2,
2,7620.5121,8306.0654,10,1,
41914.111,14,14,10,2,
7,10,2,,2,
2,,1,,0,
4,,2,1,4,
,1,,,39793.8019,M
,2,,2,,F
,2,1,1,10,F
1,1,2,2,,M
,6,6,0,130,
2,1,1,2,1,M
1,2,,1,,F
3,2,143,5,2,F
145,0.62,99727,2,1,
99728,2,15,2,5,F
10,7,1,,0,
2,,1,3,1,
1,,,1,2,
,1,1,2,4.88,M
1,2,2,,1,F
2,2,,1,7,F
1,1,3,2,2,M
0,4,3,9205.4568,8,
1,15017.9987,15340.3468,5,1,
8900.9034,5,5,10,2,
7,10,2,,2,
2,,3,,0,
5,,7,1,4,
2,1,,2,31550.3426,M
,3,,2,9,
,2,1,1,10,F
1,,,5,,
2,1,1,1,1,M
4,0,2,1,1,
2,1,,2,,M
,2,142,0,2,F
142,3.04,99752,1,,
99753,2,9,4,7,F
36,3,2,,2,
1,,1,,1,
1,,,2,2,
,2,2,,,F
2,2,2,2,1,F
2,2,2,0,4,F
1,0,0,4,,
0,2,1,59741.787,,F
2,20066.3407,21002.9903,6,1,
20178.849,8,8,10,2,
15,10,2,,2,
2,,5,,0,
3,28,,1,2,
2,1,,5,160801.7811,M
,,,2,8,
,2,1,1,10,F
1,1,2,3,,M
2,2,2,0,192,F
4,1,2,1,1,M
1,1,2,1,5,M
,2,137,3.62,2,F
148,1.68,99777,1,1,
99778,1,46,7,4,M
41,1,1,,0,M
,,2,,1,
1,,,1,2,
5,2,2,2,4.28,F
2,2,2,2,1,F
2,,,3,3,
,0,0,4,,
0,3,2,21667.5059,,
2,9143.0044,11667.9605,9,1,
74639.6198,14,14,10,2,
6,10,2,,2,
2,,5,97,1,
5,,2,1,4,
2,2,2,1,163428.9584,F
,4,,2,8,
2,2,1,1,10,F
1,,,2,,
,1,1,1,,M
6,0,2,2,2,
1,1,1,2,,M
,2,144,,2,F
141,1.83,99802,2,1,
99803,2,13,6,4,F
61,3,2,1,1,
1,,1,,1,
2,,5,1,1,
4,1,2,2,1.98,M
2,2,2,1,2,F
2,,,3,1,
1,0,2,4,,
3,3,1,24647.7502,2,
2,9776.4763,10217.4436,7,1,
16933.6512,15,15,10,2,
15,10,2,,,
2,,3,,0,
4,,2,1,4,
,1,,,10171.9638,M
,3,,2,6,
,2,1,1,10,F
,,,3,,
2,1,1,0,50,M
4,0,1,1,1,
1,1,3,1,3,M
,1,147,5,2,M
139,0.42,99827,2,,
99828,2,16,6,3,F
13,7,2,,0,
2,,1,13,1,
1,,3,1,1,
,1,1,2,0.41,M
2,2,2,2,1,F
2,2,1,0,3,F
,3,1,2,,
2,3,,18255.4143,,
,7464.7565,7585.6045,,1,
64760.9783,10,10,10,2,
9,10,2,,2,
2,,5,,0,
3,,2,1,3,
,1,,,17318.9566,M
,1,,2,10,M
,2,1,,10,F
1,,,2,,
,5,5,0,,
6,0,2,1,1,
2,3,,2,,
,1,145,0.29,2,M
148,,99852,2,1,
99853,1,14,7,4,M
69,3,2,,2,
1,1,1,,1,M
1,,5,1,1,
3,1,2,2,3.32,M
2,2,2,2,1,F
2,,,1,3,
,1,2,3,,M
1,2,3,23013.1428,,F
2,7087.5522,8041.8522,12,1,
0,3,3,10,2,
7,10,1,,,
2,,3,,0,
3,,2,1,2,
2,1,9,2,151787.0361,M
,1,,2,5,M
,2,1,1,10,F
1,1,2,6,,M
2,3,3,0,,
4,0,1,1,1,
1,1,1,2,,M
,2,137,3.4,2,F
139,5,99877,1,,
99878,1,8,4,4,M
27,4,2,,0,
2,,1,3,1,
2,,3,1,2,
,1,1,2,5,M
2,2,2,2,1,F
2,2,1,0,4,F
1,0,0,3,,
0,4,2,42792.8011,,
2,51216.8756,50778.8466,15,1,
0,2,2,10,2,F
3,10,2,,2,
2,,3,,0,
3,231,2,1,1,
2,1,,2,26085.6599,M
4,6,,2,6,
,2,1,1,10,F
2,,,4,,
,6,6,0,,
1,0,2,1,1,
1,1,3,1,1,M
2,2,146,,2,F
136,2.2,99902,1,1,
99903,1,5,6,3,M
12,3,,,0,
1,,1,,1,
1,,5,1,2,
3,1,2,2,3.29,M
2,2,2,2,1,F
2,2,2,2,3,F
1,0,3,3,,
2,2,1,13971.4415,6,F
1,29040.4966,30336.6543,4,1,
14132.8607,5,5,10,2,
4,10,2,,2,
2,,1,61,1,
1,120,,1,2,
2,1,5,1,10022.0452,M
,3,,2,3,
1,2,1,1,10,F
1,1,2,5,,M
,2,2,2,79,F
6,0,2,1,1,
1,1,3,2,1,M
2,1,134,2.03,2,M
144,,99927,1,2,
99928,1,29,1,4,M
39,3,2,,0,
2,,2,,1,
1,,2,1,2,
3,2,2,2,,F
2,2,2,2,2,F
2,2,1,0,1,F
2,0,1,3,,
0,2,2,7840.9346,,F
2,29921.5425,31645.9983,15,1,
14898.0779,1,1,10,2,M
7,10,2,,2,
2,,5,,0,
1,,2,1,3,
,1,,,11396.5559,M
,,,2,3,
,1,1,1,10,M
1,,,4,,
2,7,6,0,,
2,1,2,2,1,M
1,1,2,1,3,M
,2,147,0.66,2,F
134,2.03,99952,1,1,
99953,1,73,4,3,M
71,6,2,,2,
,,1,5,2,
1,,,2,2,
5,1,2,2,1.28,M
1,2,2,,1,F
2,2,1,0,4,F
,0,3,2,,
0,2,3,19226.4778,,F
2,23865.7251,0,5,1,
6527.7639,6,6,10,2,
4,10,2,,,
2,,5,,0,
5,174,,1,3,
2,1,,,30092.1369,M
,2,,2,3,F
,2,1,1,10,F
1,1,2,4,,M
2,2,2,0,174,F
6,0,2,1,1,
2,1,,1,,M
,1,142,1.21,2,M
137,4.08,99977,2,1,
99978,1,3,2,7,M
80,6,2,,1,
2,,1,2,1,
1,,,1,2,
,1,2,2,1.15,M
2,2,2,2,2,F
2,2,1,0,3,F
1,1,1,2,,M
3,2,1,21928.3853,,F
2,11572.5491,13329.4547,15,1,
41832.6877,8,8,10,2,
6,10,2,,2,
2,,4,,0,
4,,2,1,4,
2,2,2,1,10072.365,F
77,1,,2,99,M
,2,1,1,10,F
1,1,2,5,,M
2,6,6,2,126,
4,0,1,1,1,
2,1,,2,5,M
,1,144,1.08,2,M
140,0.49,100002,2,1,
100003,2,19,2,1,F
65,2,1,,1,F
1,,1,,,
1,3,,2,2,
4,1,2,2,4.15,M
2,2,1,,2,F
2,2,1,0,3,F
,0,0,4,,
1,2,3,9937.4121,,F
3,236671.8924,255038.381,12,1,
22986.1443,77,77,10,2,
8,10,2,,2,
2,,5,,1,
3,173,,1,3,
2,1,,5,72364.4064,M
,6,,2,8,
,2,1,1,10,F
1,1,2,3,,M
2,5,5,0,,
3,1,2,2,1,M
2,1,2,2,6,M
,1,141,1.11,2,M
137,2.55,100027,2,,
100028,2,2,4,3,F
20,1,1,,0,M
,,1,,2,
1,1,,1,2,M
5,1,2,2,5,M
2,2,2,2,2,F
2,,,2,4,
1,1,1,3,,M
0,2,2,7006.7166,,F
2,37181.9487,39920.4133,14,1,
66797.4102,15,15,10,2,
7,10,2,,2,
2,,3,,0,
4,194,,1,4,
2,1,,2,10277.0423,M
,5,,2,9,
,2,2,,10,F
1,1,2,2,,M
2,7,7,0,149,
5,0,1,1,1,
2,1,2,2,,M
2,2,144,0.34,2,F
142,2.17,100052,2,1,
100053,2,77,6,2,F
10,7,1,,0,
1,,2,,2,
1,,5,1,1,
,1,1,2,4.81,M
1,2,2,2,1,F
2,,,0,3,
,1,0,2,,M
0,3,3,12490.8553,,
3,15455.1665,17282.6824,14,1,
54990.5577,15,15,10,2,
8,10,2,,2,
2,,3,110,1,
3,,2,1,4,
2,1,,5,101421.0894,M
3,5,2,2,5,
2,2,1,1,10,F
1,1,2,2,,M
2,4,4,0,224,
1,0,1,,1,
1,2,,1,,F
,1,145,0.69,2,M
134,5,100077,2,,
100078,1,75,3,2,M
80,3,1,,2,
2,,1,,3,
1,2,,2,1,F
,1,2,2,1.04,M
2,2,2,2,2,F
2,,,2,3,
1,0,0,4,,
1,3,1,13270.5645,,
2,106081.4752,104861.8627,14,1,
14071.1953,15,15,10,2,
8,10,2,,2,
2,17,1,19,1,
5,,2,1,3,
,1,,,62034.8725,M
,5,,2,14,
2,2,1,1,10,F
1,1,2,5,,M
2,7,7,0,,
1,1,1,2,1,M
1,1,2,1,6,M
,2,140,1.65,2,F
144,1.63,100102,1,1,
100103,1,61,2,4,M
1,3,2,,0,
1,,1,,1,
1,4,,1,2,
3,1,2,2,0,M
2,2,2,2,1,F
2,,,3,4,
1,0,0,2,,
0,3,2,81413.4042,,
3,59458.6767,70149.762,15,1,
139598.1393,7,7,10,2,
13,10,2,,2,
2,,2,,0,
5,,2,1,2,
1,1,,1,11251.9275,M
,1,,2,15,M
,2,1,,10,F
1,,,2,,
2,4,4,2,,
1,1,2,2,1,M
1,1,2,2,,M
2,1,141,3.31,2,M
147,1.13,100127,1,1,
100128,1,47,3,4,M
72,1,1,,2,M
2,,2,3,1,
1,5,,2,2,
,1,2,2,0.81,M
2,2,2,2,2,F
2,2,1,0,7,F
,2,3,2,,F
0,4,2,38065.042,,
2,26444.5832,28975.485,8,2,
24934.5913,,,10,2,
1,10,2,,2,
2,,3,214,0,
3,,2,1,4,
2,1,,2,43102.7754,M
,4,2,2,3,
,2,1,1,10,F
1,,,6,,
,3,3,0,,
2,0,2,3,1,
2,2,,1,1,F
1,2,135,0.67,2,F
137,0.91,100152,2,1,
100153,1,17,4,4,M
66,1,2,,1,M
2,,1,,3,
1,5,,1,2,
,1,1,2,3.88,M
2,2,2,2,1,F
2,,,2,3,
1,3,1,2,,
1,2,,15711.9596,,F
1,9430.8671,10049.3152,6,1,
22778.6755,9,9,10,2,
5,10,2,,2,
1,19,3,,1,
1,,2,1,4,
2,2,6,6,37790.3391,F
,,,1,10,
,2,1,1,10,F
2,,,5,,
2,3,3,0,,
6,2,1,1,1,F
2,3,,1,5,
,1,147,1.77,2,M
140,1.37,100177,2,1,
100178,2,40,3,5,F
5,4,1,,0,
1,,1,,2,
1,,4,1,2,
,1,1,2,3.67,M
1,2,2,,1,F
2,,,2,7,
1,0,0,4,,
0,2,3,23205.4109,2,F
,16515.2347,22687.0563,10,1,
24595.2903,5,5,10,2,
8,10,2,,2,
2,,3,,0,
1,,2,2,3,
,1,,,26586.9024,M
,1,,2,,M
2,2,1,1,10,F
1,1,2,2,,M
,3,3,0,2,
5,0,2,1,1,
1,1,2,1,6,M
1,1,135,0.87,2,M
139,1.02,100202,2,1,
100203,1,39,4,3,M
36,2,2,,0,F
2,,1,,1,
1,,1,1,1,
,2,1,2,0.78,F
2,2,2,,1,F
2,,,1,3,
1,0,2,4,,
3,2,1,53632.3396,,F
2,37896.3311,37511.1089,14,1,
41535.1212,5,5,10,2,
2,10,1,5,,
2,,1,,0,
3,148,,1,3,
,1,,,10989.4475,M
,1,,2,7,M
,2,1,,10,F
1,1,2,3,,M
2,1,1,1,,M
2,0,2,1,1,
1,1,1,1,,M
,2,142,0.6,2,F
146,0.22,100227,2,,
100228,2,74,3,2,F
59,3,1,,2,
1,,2,,1,
1,,2,1,2,
,1,1,2,1.32,M
2,2,2,2,2,F
2,2,1,1,3,F
,0,0,4,,
0,4,3,45701.7444,3,
2,17985.5164,17717.3272,9,1,
219486.0179,14,14,10,2,
1,10,2,,2,
2,,3,,2,
4,,2,2,1,
2,1,,1,7792.6325,M
,5,,2,6,
,2,1,1,10,F
1,1,2,4,,M
2,2,2,2,,F
2,0,1,1,1,
1,1,1,1,1,M
,1,135,2.6,2,M
136,1.85,100252,1,1,
100253,1,30,2,2,M
28,4,2,,1,
2,,1,7,1,
1,,,1,1,
5,1,2,2,1.07,M
2,2,2,2,2,F
2,2,,0,3,F
1,1,0,3,,M
1,3,2,60928.9155,13,
2,31189.8812,33399.2889,1,1,
0,7,7,10,2,
5,10,2,,1,
2,,3,,0,
2,8,,1,4,
2,1,7,1,19504.1601,M
,1,2,2,6,M
,2,1,1,10,F
1,1,2,3,,M
2,2,2,0,,F
1,1,1,2,2,M
1,1,1,1,,M
2,2,140,1.59,2,F
145,0.69,100277,2,1,
100278,2,75,3,2,F
2,3,,,0,
2,,1,,1,
1,,3,1,1,
4,1,2,2,,M
2,2,2,2,1,F
2,2,1,1,2,F
,0,1,2,,
1,3,2,23945.0676,11,
3,27602.9436,28777.9813,15,1,
14002.5077,5,5,10,2,
9,10,2,12,,
2,,4,,0,
5,,2,1,3,
2,1,,1,35424.1523,M
,1,2,2,14,M
,2,,,10,F
1,1,2,5,,M
2,4,4,2,,
2,0,2,3,1,
2,1,2,1,,M
,1,139,2.06,2,M
143,2.89,100302,1,,
100303,1,60,1,3,M
4,3,1,,0,
2,,1,,1,
1,,,1,2,
,1,1,2,0.73,M
1,2,2,,2,F
2,2,,0,4,F
,2,2,2,,F
1,3,1,23200.736,3,
1,10742.9607,11070.1757,6,1,
37551.4389,7,7,10,2,
10,10,2,,2,
2,,2,167,0,
1,45,,1,3,
1,1,,3,48586.4453,M
,4,,2,6,
,2,1,,10,F
1,1,2,2,,M
,4,4,0,108,
4,0,1,1,2,
1,1,2,1,1,M
1,2,134,4.08,2,F
147,0.59,100327,1,1,
100328,1,0,7,4,M
27,2,2,,0,F
2,,1,,1,
1,,,1,2,
4,1,2,2,2.01,M
2,2,2,2,1,F
,2,1,0,4,F
,2,0,2,,F
0,1,2,15792.5518,,M
2,5792.8885,6102.2689,8,1,
31420.3956,3,3,10,2,
15,10,2,,,
2,,1,143,1,
4,210,2,1,3,
,1,,,21360.7108,M
,,,2,8,
,2,1,1,10,F
1,1,2,1,,M
2,2,2,0,,F
2,0,1,1,1,
2,1,3,2,,M
,2,142,1.89,2,F
134,3.59,100352,1,,
100353,1,59,6,3,M
80,6,1,,3,
1,,1,5,2,
1,,3,1,1,
1,1,2,2,5,M
2,2,2,2,1,F
2,,,0,3,
1,0,2,3,,
0,2,,18469.2257,,F
2,80972.7897,90523.8509,14,1,
9104.0244,7,7,10,2,
6,10,2,,2,
2,,5,,0,
4,185,,1,2,
,1,,,48960.3249,M
8,1,,2,9,M
,2,1,,10,F
1,,,7,19,
,7,7,0,,
4,2,1,1,1,F
2,1,3,2,,M
2,2,140,0.73,2,F
134,5,100377,1,1,
100378,2,44,7,2,F
14,3,2,,0,
2,,1,,1,
1,,,1,1,
2,1,2,2,1.34,M
1,2,2,,2,F
2,,,1,3,
,0,0,3,,
1,2,2,21813.8462,10,F
,24052.9401,0,,1,
33288.4453,7,7,10,2,
2,10,2,,2,
2,,4,150,0,
4,11,,1,1,
2,1,,1,162289.7544,M
,,,2,15,
,2,1,1,10,F
,2,2,4,,F
,7,7,1,132,
4,0,1,1,1,
2,2,,2,,F
,1,134,0.85,2,M
140,1.64,100402,2,1,
100403,2,9,1,7,F
66,6,1,,2,
2,,1,11,1,
1,,2,1,2,
4,1,2,,,M
1,2,2,,2,F
2,2,1,0,1,F
2,0,1,3,,
0,4,2,7719.4901,,
,9508.3561,10074.1971,5,1,
9803.049,15,15,10,2,
7,10,2,,2,
2,,3,27,2,
4,22,,1,2,
2,1,,1,196899.9967,M
,5,,2,2,
,2,1,1,10,F
1,1,2,2,,M
2,5,1,1,110,
4,0,2,1,1,
1,1,2,1,3,M
,1,139,5,2,M
147,4.41,100427,2,1,
100428,2,29,3,3,F
33,1,1,,0,M
1,,1,7,3,
1,,4,1,2,
2,1,2,2,2.59,M
2,2,2,2,2,F
2,2,1,0,2,F
,1,3,2,,M
0,3,2,62607.3843,0,
2,9510.6791,11890.4281,7,1,
20472.011,9,9,10,2,
1,10,2,,,
1,,4,,1,
3,,2,1,4,
2,1,,1,49854.5235,M
,,,2,99,
,2,,1,10,F
2,2,2,2,,F
2,7,4,0,194,
5,0,1,1,1,
1,1,1,1,,M
2,1,134,2.03,1,M
137,1.79,100452,1,,
100453,2,80,3,1,F
52,6,1,,2,
1,1,1,,1,M
1,2,,1,1,F
,2,2,,,F
1,2,2,,2,F
2,,,1,3,
,0,1,3,,
0,1,2,14293.9083,,M
3,18384.5942,0,15,1,
34532.3119,6,6,10,,
,10,2,,,
2,,3,228,1,
2,235,2,1,2,
2,1,,4,9357.959,M
,1,,2,6,M
,2,1,1,10,F
1,,,6,,
,4,4,0,211,
3,0,1,1,1,
1,1,1,2,,M
2,1,145,0.61,2,M
134,5,100477,1,,
100478,1,8,2,5,M
18,4,2,,0,
2,,2,,1,
2,,5,1,2,
4,1,2,2,1.48,M
2,2,2,2,2,F
2,2,1,0,3,F
1,0,1,4,1,
0,4,2,56381.1336,3,
2,14730.6963,15803.7648,99,1,
19108.1919,7,7,10,2,
9,10,2,,2,
2,7,1,7,1,
4,,2,1,2,
,1,,,27078.3933,M
4,6,,2,15,
,2,,1,10,F
1,,,6,,
2,2,1,2,26,F
5,0,2,1,1,
2,3,,2,5,
,1,148,,2,M
148,0.87,100502,1,1,
100503,1,10,2,7,M
11,4,2,,0,
2,,2,,1,
1,5,,1,1,
,1,1,2,1.58,M
2,2,2,2,2,F
2,2,,0,4,F
1,1,0,2,,M
0,4,3,16102.2569,5,
1,28150.9407,29180.9715,9,1,
18425.9001,5,,10,2,
9,10,2,,2,
2,,2,,0,
3,,2,2,2,
,1,,,47347.4242,M
,,,2,,
,2,2,1,10,F
1,1,2,4,,M
,5,5,0,147,
6,0,2,2,1,
2,1,2,2,,M
2,2,136,0.37,2,F
140,,100527,2,,
100528,2,47,3,3,F
4,6,2,,0,
2,,2,,1,
1,,3,1,1,
2,1,2,2,2.45,M
1,2,2,,2,F
,2,,0,6,F
1,0,1,3,,
0,2,2,5808.0578,,F
1,18426.7649,21655.0518,99,1,
27432.4098,15,15,10,2,
4,10,2,,,
2,3,5,3,2,
1,20,,1,2,
,1,,,5661.0456,M
,1,,2,,M
,2,1,1,10,F
1,1,2,2,,M
2,6,6,0,,
2,0,2,1,1,
2,3,,1,,
,2,147,,2,F
141,4.29,100552,1,1,
100553,2,7,7,7,F
65,4,2,,1,
1,,1,1,1,
1,,3,1,2,
5,1,2,2,4.9,M
2,2,1,2,2,F
2,,,1,3,
,0,0,4,,
0,2,2,45120.2296,7,F
2,48935.1356,49034.957,14,1,
23397.78,77,77,10,2,
15,10,2,,2,
2,,1,205,1,
5,101,,1,2,
2,2,7,1,13125.5947,F
,,,2,15,
,2,1,1,10,F
1,1,2,2,,M
2,2,1,0,109,F
3,0,1,1,1,
2,2,,2,1,F
3,2,140,5,2,F
140,1,100577,2,1,M
100578,2,59,7,4,F
59,3,2,,0,
2,,2,,2,
1,,2,1,2,
1,1,2,2,0.66,M
2,2,2,2,1,F
2,2,1,0,4,F
,3,2,2,2,
0,4,1,15000.7278,7,
2,35662.4029,37990.5077,7,1,
17395.9025,15,15,10,2,
6,10,2,,2,
1,,5,,3,
1,218,2,1,3,
,1,,,15640.1975,M
,1,,2,4,M
,2,1,1,10,F
1,1,2,4,,M
2,6,6,1,,
3,0,2,1,1,
1,2,,2,,F
3,2,140,5,2,F
143,1.28,100602,2,,
100603,1,3,4,3,M
4,4,1,,1,
,,2,,2,
1,2,,1,2,F
,1,2,2,0.17,M
2,2,2,2,1,F
2,,,0,4,
1,0,0,3,,
3,3,1,21869.9539,,
2,17648.5894,18998.759,7,1,
11323.7399,77,77,10,2,
15,10,2,,,
2,,4,92,0,
3,,1,1,4,
,1,,,8031.1861,M
,4,2,2,7,
,2,1,1,10,F
1,1,2,4,,M
2,4,4,0,,
2,0,1,1,2,
1,1,1,2,1,M
2,1,135,2.92,2,M
146,2.57,100627,2,1,
100628,1,33,6,3,M
67,1,1,,2,M
2,,1,13,1,
1,,4,1,2,
1,1,2,2,2.77,M
2,2,2,2,1,F
2,2,1,0,6,F
1,0,2,2,,
0,3,2,14930.2026,9,
1,14485.8025,14919.0336,1,1,
29404.2136,12,12,10,2,
4,10,2,,,
2,,5,,0,
4,,2,1,4,
,1,,,15713.8328,M
,4,2,2,1,
,2,1,,10,F
1,,,3,,
1,2,2,1,,F
2,2,1,1,1,F
1,1,2,2,5,M
,2,147,0,2,F
140,1.99,100652,1,,
100653,1,25,4,1,M
74,3,1,,2,
2,,1,4,2,
1,9,,1,1,
3,1,2,2,2.49,M
2,2,2,2,2,F
2,,,0,3,
,3,1,2,,
2,4,1,5860.5014,,
,35376.6284,0,5,1,
171414.6491,14,14,10,2,
5,10,2,24,,
2,,4,143,2,
4,,2,1,3,
,1,,,16414.452,M
,,,2,4,
,2,1,1,10,F
1,1,2,5,,M
2,6,6,2,,
4,0,1,1,1,
1,2,,1,5,F
,1,138,1.54,2,M
139,1.91,100677,2,1,
100678,2,9,4,2,F
15,3,2,,0,
2,,1,12,2,
2,,2,2,1,
,1,1,2,1.1,M
1,2,2,,2,F
2,2,1,0,4,F
,0,0,4,,
1,3,1,119901.5683,13,
,13043.7763,0,,1,
13722.3248,9,9,10,2,
12,10,2,0,,
2,,2,104,0,
3,,1,1,3,
2,1,,1,26191.3711,M
1,,,2,77,
,2,1,1,10,F
1,1,2,1,,M
2,2,1,0,,F
3,0,2,1,1,
1,,,1,,
,1,137,2.4,2,M
147,5,100702,2,1,
100703,2,0,1,6,F
9,7,2,,0,
1,,1,,2,
1,,4,1,2,
4,1,2,2,3.56,M
1,2,2,2,1,F
2,2,1,0,2,F
1,0,0,3,,
1,4,3,139745.4564,,
2,30532.9773,34884.2092,1,1,
125026.3181,14,14,10,2,
7,10,2,,2,
2,,1,,0,
3,,2,1,3,
2,2,2,5,15839.0483,F
,,,2,2,
,2,1,1,10,F
1,2,2,6,,F
2,4,4,0,,
1,1,1,2,1,M
2,3,,2,1,
2,2,138,3.94,2,F
148,,100727,1,1,
100728,2,68,3,1,F
3,4,1,,0,
2,,1,,1,
1,0,,2,1,
3,1,2,2,4.43,M
2,2,2,2,2,F
2,,,2,2,
,0,0,4,,
2,2,2,17948.9812,,F
3,6380.2283,6809.7891,,1,
67312.3704,7,7,10,2,
7,10,2,,2,
2,,3,,0,
4,,2,1,2,
2,1,,1,31534.0632,M
,,,2,9,
,2,2,2,10,F
1,,,3,,
2,5,5,0,,
2,2,2,2,1,F
1,1,1,2,6,M
,1,142,0.66,2,M
141,5,100752,1,1,
100753,2,3,4,4,F
54,4,2,1,0,
1,,1,5,3,
1,,3,1,1,
,1,1,2,1.83,M
1,2,2,,1,F
2,2,1,0,3,F
1,0,2,4,2,
0,4,3,39992.162,,
1,12613.4416,0,1,1,
69130.1843,14,14,10,2,
9,10,2,,1,
2,,4,110,0,
2,87,,1,2,
2,1,,1,24812.1472,M
,,,2,7,
,2,1,1,10,F
1,1,2,1,,M
2,4,4,0,35,
5,0,2,1,1,
1,1,2,1,5,M
,2,142,,2,F
147,0.52,100777,1,,
100778,2,18,4,4,F
6,4,1,,0,
1,,1,,1,
1,,3,1,1,
5,1,2,2,,M
2,2,1,2,2,F
,,,0,6,
,1,1,3,,M
2,3,1,53865.3185,,
2,59882.0369,62446.3087,10,1,
39016.9307,9,9,10,2,
1,10,2,,2,
2,,3,58,3,
4,,2,1,4,
,1,,,16197.7137,M
,,,2,12,
,2,1,1,10,F
1,1,2,6,,M
,1,1,1,95,M
7,0,2,1,1,
2,1,,2,2,M
,1,135,5,2,M
139,0.43,100802,2,1,
100803,2,1,1,6,F
12,6,1,,0,
2,,1,,1,
1,,,1,2,
,1,1,2,1.65,M
2,2,2,2,2,F
2,,,1,3,
,2,1,2,,F
0,2,3,8577.5934,2,F
,22782.1197,22847.6659,1,1,
44066.3304,1,1,10,2,M
3,10,2,,2,
2,,3,,0,
5,,2,1,4,
2,1,,5,18878.8988,M
,5,,2,10,
,2,,,10,F
2,2,2,2,2,F
,4,4,0,44,
4,0,2,1,1,
2,1,,2,5,M
,1,146,,2,M
143,0.71,100827,2,1,
100828,2,1,3,5,F
43,4,2,,1,
2,,1,,1,
2,,3,1,2,
3,1,2,2,1.71,M
1,2,2,,1,F
2,2,,0,1,F
,1,1,3,,M
0,4,2,17837.1157,,
2,31250.3958,32975.447,7,1,
38527.9102,6,2,10,2,
5,10,2,,2,
2,,5,,0,
5,92,,1,2,
2,1,,1,27391.1162,M
,3,,2,15,
,2,,,10,F
1,1,2,2,,M
2,5,5,1,,
3,2,1,1,2,F
1,1,1,1,,M
2,2,146,0.79,2,F
140,2.48,100852,2,,
100853,1,80,1,3,M
6,1,1,,0,M
2,,1,,1,
1,,4,1,1,
,2,1,2,1.52,F
1,2,2,,2,F
2,2,1,0,4,F
1,0,2,2,,
0,2,2,27945.2451,,F
2,11232.4244,11969.0133,14,2,
7181.8583,5,5,10,2,
13,10,2,,,
2,,3,,0,
4,28,,1,2,
,7,77,,29768.265,
,,,2,14,
,2,2,,10,F
1,1,2,4,,M
2,2,2,1,,F
4,0,2,1,1,
1,1,3,2,1,M
3,2,140,5,1,F
148,0.91,100877,1,1,
100878,2,0,3,7,F
71,7,2,,1,
2,1,1,,3,M
1,,3,1,1,
,1,2,2,4.31,M
1,2,2,,1,F
2,2,1,0,4,F
,0,2,2,,
0,4,2,39770.0352,,
3,8157.8036,8764.7444,4,1,
13466.8737,4,4,10,2,
15,10,2,,2,
2,,1,72,0,
1,,2,1,2,
,1,,,23323.8824,M
,,,2,15,
,2,1,1,10,F
1,1,2,6,,M
,4,4,0,,
4,0,2,1,1,
1,1,2,2,,M
,2,147,1.29,2,F
136,3.98,100902,2,1,
100903,1,9,7,3,M
17,1,2,,0,M
1,,2,,1,
1,,,1,1,
3,1,2,2,2.64,M
1,2,2,2,1,F
2,,,0,3,
1,0,0,2,,
0,2,2,131429.8815,4,F
3,7178.378,7617.6136,15,1,
37736.8804,9,5,10,,
,10,2,,2,
1,1,1,,1,M
1,232,2,1,3,
2,1,,1,9839.8694,M
,2,,2,4,F
,2,1,1,10,F
2,,,5,,
,4,4,0,,
7,0,2,1,1,
1,1,2,1,1,M
1,1,146,3.08,2,M
141,4.16,100927,2,1,
100928,1,25,3,5,M
40,4,2,,0,
1,,2,,1,
2,4,,1,1,
,1,1,2,0.94,M
2,2,2,2,2,F
2,2,1,0,4,F
1,0,1,2,,
0,3,2,15878.3806,,
2,37455.2438,41071.6938,6,2,
48184.9862,5,5,10,2,
5,10,2,,2,
2,,4,,0,
3,,2,1,2,
2,2,3,1,22632.4424,F
3,,,2,15,
,2,1,1,10,F
1,1,2,5,,M
2,5,5,0,,
2,2,1,1,1,F
1,1,2,2,2,M
,2,143,0.04,2,F
135,0.61,100952,1,1,
100953,1,0,1,7,M
47,6,1,,1,
2,,1,,1,
1,4,,1,2,
,1,1,2,0.56,M
1,2,2,,1,F
2,2,,0,1,F
,2,3,2,,F
1,3,2,50733.8508,,
,10981.8743,0,,1,
9398.5067,5,5,10,2,
14,10,2,,,
2,,3,,1,
3,,2,1,2,
2,2,8,4,8876.7792,F
,2,,2,4,F
,2,1,1,10,F
1,1,2,3,,M
2,2,2,0,,F
3,0,2,1,1,
2,2,,2,4,F
1,1,147,0.81,2,M
147,0.06,100977,2,,
100978,2,18,1,7,F
12,4,2,,0,
2,,2,,1,
1,,2,1,1,
,1,1,2,0,M
2,2,2,2,1,F
2,,,2,3,
1,0,0,3,,
1,3,,15952.325,,
1,20884.7598,19995.3159,5,1,
41074.0017,77,77,10,2,
14,10,2,,,
2,,1,118,0,
2,,2,2,3,
,1,,,6768.4588,M
4,6,,2,14,
,2,1,,10,F
1,1,2,5,,M
2,1,1,1,,M
1,0,1,2,1,
1,1,3,2,,M
,1,147,,2,M
145,2.07,101002,2,1,
101003,1,56,1,4,M
29,3,2,,0,
1,,1,,1,
1,,5,1,2,
3,1,2,2,1.02,M
1,2,2,,2,F
2,2,1,0,3,F
,0,0,4,,
0,3,2,127597.7352,,
,6514.8153,6604.8145,15,1,
13647.4213,12,99,10,2,
3,10,2,,,
2,,3,98,1,
3,,2,1,3,
2,1,,1,83830.0827,M
,3,,2,10,
,2,1,1,10,F
1,1,2,3,,M
,2,1,1,,F
3,0,1,1,1,
2,2,,1,6,F
,2,137,1.24,2,F
141,1.83,101027,1,1,
101028,2,59,2,2,F
14,1,2,,0,M
2,,2,,1,
2,,5,1,1,
,1,1,2,2.96,M
2,2,2,2,2,F
2,2,1,0,3,F
1,0,1,4,,
0,4,2,24006.1592,,
2,111469.3134,137050.41,14,1,
0,14,14,10,2,
7,10,2,,2,
2,,1,57,1,
5,162,,1,2,
2,2,6,1,25917.5118,F
,,,2,8,
,2,1,1,10,F
1,1,2,1,,M
2,5,5,0,186,
4,0,2,1,1,
2,1,2,2,,M
2,2,134,2.96,2,F
144,3.69,101052,2,1,
101053,1,0,4,5,M
17,2,2,,1,F
,,1,9,2,
1,,3,1,1,
,1,1,2,1.82,M
1,2,2,2,1,F
2,2,1,0,3,F
,0,0,4,,
1,2,,24336.1623,,F
3,12856.3993,12712.2702,15,1,
7740.4507,14,14,10,2,
6,10,2,,2,
2,,4,72,1,
4,196,,1,3,
2,1,,3,191241.4735,M
,3,,2,8,
2,2,1,1,10,F
1,,,6,,
,4,4,0,,
7,1,1,1,1,M
2,3,,1,1,
2,2,140,5,2,F
140,4.25,101077,1,1,
101078,1,62,4,1,M
51,6,2,,0,
1,,1,8,1,
1,6,,1,1,
,1,1,2,3.19,M
2,2,2,2,2,F
2,2,1,0,7,F
1,1,0,2,,M
0,2,3,108180.2554,,F
2,129374.834,125625.8415,9,1,
39292.9222,7,7,10,2,
1,10,2,,2,
2,,4,,0,
4,162,,1,2,
2,1,,4,13725.6719,M
,,,2,10,
,1,1,1,10,M
2,2,2,6,,F
2,3,3,0,45,
6,1,1,1,1,M
2,3,,1,,
2,1,146,3.43,2,M
146,5,101102,1,1,
101103,2,53,4,1,F
0,4,1,,0,
,,1,3,2,
1,,4,1,1,
1,2,2,2,1.58,F
2,2,2,2,2,F
2,2,1,0,7,F
,1,0,2,,M
2,3,2,23812.6279,,
2,12419.4608,12357.4232,14,1,
94676.5815,15,15,10,2,
15,10,2,,2,
2,19,3,20,1,
2,148,,1,2,
2,2,3,5,31927.521,F
77,6,,2,2,
,2,1,1,10,F
1,,,6,,
2,3,3,0,,
2,1,1,1,1,M
1,1,2,1,5,M
,2,146,0.04,2,F
135,5,101127,1,,
101128,2,6,1,5,F
2,3,2,,0,
2,,2,15,2,
1,66,,1,1,
5,1,2,2,,M
1,2,2,,2,F
2,,,0,1,
,2,0,1,,F
0,4,2,12782.0651,,
3,11551.016,12584.6501,12,1,
140633.1547,15,15,10,2,
15,10,1,,,
2,,1,,1,
4,140,,1,2,
2,1,,1,7744.6925,M
,,,2,5,
,2,1,,10,F
2,,,4,,
,7,1,0,,
2,1,2,3,1,M
2,1,2,2,,M
1,1,142,1.41,2,M
135,,101152,1,1,
101153,1,42,4,3,M
0,1,1,,0,M
1,,1,,1,
1,5,,1,2,
,1,1,2,,M
1,2,2,,2,F
2,2,1,0,1,F
,0,1,3,,
3,1,1,16498.8918,,M
2,11095.0101,11982.357,10,1,
8750.8157,2,2,10,2,F
14,10,2,18,,
2,,3,,0,
3,,,1,4,
2,1,,,50218.4348,M
,1,,2,4,M
,2,1,,10,F
,1,2,5,,M
,3,3,1,,
2,2,2,1,1,F
1,1,2,1,3,M
,1,145,1.58,2,M
134,,101177,1,2,
101178,2,0,7,3,F
62,1,1,,1,M
1,,1,,1,
1,,5,1,1,
3,1,2,2,3.13,M
2,2,2,2,2,F
2,2,,0,6,F
1,0,1,3,,
3,2,2,82200.9441,,F
2,41481.7016,50576.2053,15,2,
0,99,3,10,2,
3,10,2,,2,
2,,3,,1,
2,96,,1,2,
1,1,,1,18159.5933,M
,1,,2,14,M
,2,1,1,10,F
1,1,2,2,,M
2,5,5,0,28,
5,0,2,1,1,
1,1,3,1,1,M
2,1,142,1.72,1,M
136,,101202,1,1,
101203,1,14,3,3,M
80,3,1,2,2,
1,,1,7,3,
2,,3,1,1,
4,1,2,2,4.93,M
1,2,2,2,2,F
2,2,2,0,3,F
,2,1,2,,F
0,4,3,18606.7229,,
3,6536.4529,6999.1357,,1,
20798.0592,3,3,10,2,
8,10,2,,,
2,,4,,0,
2,,2,1,4,
1,1,,3,13367.7097,M
,,,2,15,
2,2,,,10,F
,1,2,2,,M
2,4,4,0,,
4,0,1,1,1,
1,1,1,2,,M
,1,138,0.58,1,M
148,1.15,101227,1,1,
101228,2,30,3,4,F
38,1,1,,1,M
1,,1,,2,
1,8,,1,1,
4,1,2,2,1.54,M
2,2,2,2,2,F
2,2,,0,3,F
,3,2,2,,
0,2,2,37989.7012,3,F
1,16313.428,16238.3686,15,1,
50695.0478,9,9,10,2,
8,10,2,,2,
2,,5,,0,
3,,2,1,3,
2,1,,1,42185.8326,M
,,,2,5,
,2,2,1,10,F
1,1,2,3,,M
2,4,4,0,,
2,0,1,2,1,
1,1,1,1,1,M
3,2,147,4.76,2,F
145,,101252,2,1,
101253,1,57,4,2,M
29,4,1,,0,
2,,1,,1,
1,,4,1,1,
,1,1,2,1.02,M
2,2,2,2,1,F
2,2,1,0,3,F
,0,0,4,,
1,2,2,19371.888,,F
2,50110.139,51910.7198,12,1,
19946.7322,12,12,10,2,
12,10,2,,2,
2,,4,,0,
4,88,,1,4,
,1,,,21755.0843,M
,,,2,7,
,2,1,1,10,F
1,,,5,,
2,5,5,0,,
1,1,1,2,1,M
2,3,,2,2,
,2,147,1.64,2,F
139,1.04,101277,1,1,
101278,1,44,6,5,M
5,4,2,,0,
,,1,,1,
2,,2,2,2,
3,1,2,2,5,M
2,2,2,2,2,F
2,2,1,0,3,F
1,1,3,2,,M
2,3,2,15819.7307,4,
,6790.1459,7164.5676,6,1,
26463.284,15,15,10,2,
99,10,2,,,
2,,5,,0,
4,179,,1,3,
2,1,,5,24637.4263,M
,1,2,2,6,M
,2,,1,10,F
1,,,6,,
2,3,3,0,,
5,1,2,2,1,M
2,1,,2,1,M
3,1,134,3.66,2,M
143,1.76,101302,1,1,
101303,1,3,1,5,M
10,7,1,,0,
2,,1,,2,
1,8,,1,2,
3,1,2,2,0.77,M
2,2,2,2,1,F
2,,,2,3,
1,0,2,3,,
0,2,2,36588.8368,,F
2,43001.1352,49193.3599,6,1,
19992.2933,6,6,10,2,
10,10,2,,2,
2,,5,,0,
4,148,,1,2,
2,1,,,53169.8187,M
,3,,2,5,
,2,1,1,10,F
1,,,3,,
,1,1,0,,M
2,1,2,3,1,M
1,1,2,2,,M
,2,134,,1,F
138,0.64,101327,2,1,
101328,2,67,7,2,F
16,3,2,,0,
1,,1,,2,
1,,3,1,2,
,1,1,2,0.81,M
2,2,2,2,1,F
2,2,1,0,4,F
,0,0,4,,
0,4,2,29728.0015,7,
2,117544.8892,122464.6457,15,1,
8893.4924,5,5,10,2,
7,10,2,,,
2,,4,87,1,
3,,2,1,3,
1,1,,1,41557.3896,M
,,,2,4,
2,2,1,1,10,F
1,1,2,4,0,M
,7,7,0,,
1,1,2,2,1,M
2,2,,1,1,F
,1,145,0.2,2,M
145,3.92,101352,1,,
101353,1,0,3,6,M
10,2,2,,0,F
1,,1,,3,
1,,4,1,1,
4,1,2,,,M
2,2,2,,2,F
2,2,2,0,3,F
1,0,3,2,,
1,4,1,26171.3039,,
2,57727.8876,59778.2895,6,2,
9221.7607,10,10,10,2,
15,10,2,,2,
2,,5,,0,
3,2,,1,2,F
,1,,,11693.0481,M
6,1,,2,14,M
2,2,1,1,10,F
1,,,4,,
2,5,5,0,115,
3,0,1,1,1,
2,1,3,1,1,M
2,1,148,1.32,2,M
143,1.92,101377,2,,
101378,2,34,6,3,F
55,4,2,,0,
1,,1,3,1,
1,9,,1,2,
5,1,2,2,5,M
1,2,2,,1,F
2,2,1,0,4,F
1,0,0,2,,
0,3,2,19612.2077,,
3,19988.6538,20425.6115,15,1,
64336.1938,15,15,10,2,
15,10,2,,,
2,,3,,0,
3,176,,1,2,
2,1,5,2,10224.5551,M
5,1,,1,7,M
,2,1,1,10,F
1,1,2,2,,M
2,5,5,0,,
2,2,1,1,1,F
1,1,3,1,1,M
3,1,144,0.89,1,M
137,,101402,2,,
101403,2,11,1,6,F
31,4,2,,0,
2,,1,,2,
1,,,1,2,
4,1,2,2,5,M
1,2,2,,1,F
2,2,,0,3,F
,2,0,2,,F
0,3,2,16815.1716,,
2,27016.2791,26730.5331,15,1,
14469.6737,10,10,10,2,
3,10,2,,2,
2,,3,,0,
5,110,,1,2,
,1,,,57882.9821,M
,,,2,14,
,2,1,1,10,F
1,,,4,,
2,7,7,0,,
1,2,1,3,1,F
1,1,2,2,,M
,2,144,1.59,2,F
142,1.82,101427,2,1,
101428,2,1,1,5,F
17,7,2,,0,
1,,2,,1,
1,,4,1,1,
4,1,2,2,2.99,M
1,2,2,,2,F
,2,,0,1,F
,2,0,2,2,F
0,4,2,47136.2825,9,
1,29417.2301,30614.6251,2,1,
38358.1083,9,9,10,2,
12,10,2,,2,
2,,5,126,0,
3,,2,1,4,
2,1,,1,21221.2688,M
,1,,2,10,M
,2,1,,10,F
1,1,2,1,,M
2,4,4,0,,
2,0,2,1,1,
2,3,,2,1,
2,2,137,0.61,2,F
135,1.37,101452,1,,
101453,2,1,4,5,F
55,1,1,,0,M
2,,2,,2,
1,1,,1,2,M
,1,1,,,M
2,2,2,2,1,F
2,2,1,0,4,F
,1,0,2,,M
0,3,1,10311.5354,,
2,78803.6767,77940.0059,7,1,
24850.6848,3,3,10,2,
6,10,2,,,
1,,3,,0,
3,,1,1,4,
2,1,8,1,18652.1312,M
,6,,2,15,
,2,1,1,10,F
1,1,2,6,,M
2,4,4,1,143,
5,0,1,1,1,
2,1,2,1,1,M
1,2,141,,2,F
144,0.71,101477,1,1,
101478,1,60,2,1,M
73,3,1,,1,
2,,2,,1,
1,,4,1,2,
,1,2,2,,M
2,2,1,1,1,F
2,2,1,0,1,F
1,0,3,3,,
0,3,2,13523.0785,,
1,11111.0364,12512.5339,8,1,
16144.4636,15,15,10,2,
14,10,2,,2,
2,,5,154,1,
4,81,,1,4,
2,2,99,6,24605.3132,F
,,,2,15,
,2,,,10,F
1,1,2,4,,M
2,3,3,0,,
1,1,1,2,1,M
2,2,,2,2,F
,1,147,2.06,2,M
135,5,101502,1,1,
101503,2,10,4,6,F
18,4,2,,0,
2,,1,,2,
1,10,,1,2,
,1,1,,,M
2,2,1,,1,F
2,2,1,2,2,F
1,0,0,4,,
2,2,1,6565.6674,0,F
2,33216.4217,35741.7333,8,1,
64119.258,5,5,10,2,
6,10,2,,2,
2,,3,,0,
2,,2,1,2,
2,1,,2,27268.675,M
,,,2,10,
,2,2,2,10,F
2,,,4,,
2,2,2,2,,F
2,2,1,1,1,F
2,1,,1,6,M
,2,148,5,2,F
145,0.19,101527,1,1,
101528,1,42,6,4,M
8,2,1,,0,F
1,,2,,1,
1,,4,1,2,
,2,1,2,0.4,F
1,2,2,2,1,F
2,2,,1,3,F
,0,0,4,,
1,2,2,20574.8659,,F
2,106941.8908,105127.7536,9,1,
11744.4369,4,4,10,2,
15,10,1,,,
2,,3,,0,
5,,2,1,3,
,1,,,13155.4703,M
,1,2,2,14,M
,2,1,1,10,F
,1,2,4,,M
2,3,3,0,,
2,3,2,1,1,
1,1,3,2,4,M
,1,143,3.23,2,M
142,1.58,101552,1,1,
101553,2,1,4,5,F
0,4,2,,0,
1,,1,11,,
2,,3,1,1,
,2,1,2,1.83,F
2,2,2,2,1,F
2,2,2,0,4,F
1,0,0,3,,
2,2,2,32771.9749,,F
2,9386.651,9905.1833,12,1,
74893.1986,7,7,10,,
,10,2,,2,
1,,3,,0,
1,108,,1,3,
,2,2,,21389.2262,F
,,,2,8,
1,2,1,1,10,F
1,1,2,3,,M
2,2,2,1,25,F
4,0,2,1,1,
2,2,,1,1,F
2,1,148,3.63,2,M
147,0.41,101577,2,,
101578,2,55,6,4,F
70,1,2,1,2,M
2,,2,,1,
1,,2,1,1,
,1,1,2,2.67,M
2,2,1,2,2,F
2,2,1,0,7,F
,0,0,2,,
0,2,2,15178.6585,,F
2,20190.082,21867.9217,5,2,
39449.0066,9,9,10,2,
12,10,2,,2,
2,,2,104,1,
4,33,,1,3,
2,2,3,1,10354.2214,F
,1,2,2,14,M
,2,1,1,10,F
1,1,2,5,,M
2,1,1,1,75,M
6,0,2,2,1,
2,1,,2,,M
3,1,143,2.71,2,M
139,5,101602,2,,
101603,2,6,6,4,F
22,4,2,,0,
2,,1,,2,
2,,1,2,2,
,1,1,2,0.91,M
2,2,2,2,1,F
2,2,1,0,6,F
,2,0,2,,F
1,2,3,5124.1877,,F
3,18280.371,17882.2523,15,1,
16948.2969,6,6,10,2,
15,10,2,,2,
2,,5,,0,
5,87,,1,2,
,1,,,30180.1801,M
,,,2,7,
2,2,1,1,10,F
1,1,2,3,,M
,5,5,0,,
2,2,1,1,1,F
2,1,1,2,5,M
,1,144,4.62,2,M
146,4.57,101627,2,,
101628,2,17,4,7,F
11,1,1,,0,M
2,,1,5,2,
1,,3,1,1,
,1,1,2,5,M
1,2,2,2,1,F
1,,,0,3,
1,0,0,4,,
0,4,1,6093.2088,,
2,7756.5961,8758.2056,1,1,
222581.3298,15,15,10,2,
7,10,2,,2,
2,19,3,20,2,
4,,2,1,3,
,1,,,13229.9452,M
,,,2,6,
,2,1,1,10,F
1,1,2,4,,M
2,6,6,1,200,
3,0,2,1,1,
2,2,,1,1,F
1,1,148,,2,M
142,0.15,101652,1,1,
101653,2,70,4,4,F
72,3,2,1,2,
2,,1,,1,
2,,5,1,2,
2,1,2,2,1.2,M
2,2,2,2,2,F
2,2,1,0,4,F
1,0,0,4,,
0,2,2,12412.6844,,F
3,17162.2493,18078.9873,14,1,
20265.6032,8,8,10,2,
2,10,2,,2,
1,,4,,0,
2,,2,2,4,
2,1,6,1,25108.6167,M
,1,2,2,4,M
2,2,1,1,10,F
1,1,2,1,,M
,4,4,0,159,
6,0,2,2,1,
2,1,,1,3,M
,1,138,1.49,1,M
135,5,101677,1,1,
101678,1,13,1,3,M
62,2,1,,1,F
1,,1,,2,
1,,4,1,1,
4,1,2,2,2.61,M
2,2,2,,1,F
2,,,2,4,
,0,0,4,,
3,3,1,11388.8358,,
2,23644.5068,25374.3327,4,1,
178346.4048,15,15,10,2,
3,10,2,,2,
2,,4,47,3,
3,,2,1,4,
2,1,,1,83774.92,M
7,1,,2,7,M
,2,1,1,10,F
1,,,1,,
2,2,2,2,,F
2,0,2,2,1,
2,1,3,1,2,M
,2,140,2.92,2,F
134,3.65,101702,2,,
101703,1,10,7,7,M
80,4,1,1,3,
2,,1,,1,
1,,,1,1,
3,1,2,2,1.42,M
2,,,2,2,
2,2,1,1,3,F
,0,0,4,,
3,3,1,38151.9223,,
3,5336.1861,6265.8662,10,1,
7165.5105,15,15,10,2,
15,10,2,,2,
2,,1,,0,
1,,2,1,2,
2,1,,1,36125.6041,M
,,,2,14,
,2,1,1,10,F
1,1,2,7,,M
2,6,6,2,,
2,2,1,1,1,F
1,1,2,2,1,M
3,2,140,4.62,1,F
143,3.67,101727,1,1,
101728,1,65,4,1,M
68,4,2,,1,
2,,1,,1,
2,,3,2,1,
5,1,2,2,5,M
2,2,2,2,2,F
2,2,1,0,2,F
,2,0,4,,F
1,2,2,55636.1181,,F
2,30323.266,30262.4146,5,1,
35172.4756,15,15,10,2,
99,10,2,,2,
2,,5,71,2,
3,,2,1,2,
2,2,4,1,13701.0349,F
,6,,2,8,
,2,1,1,10,F
1,,,6,,
,6,6,0,,
4,0,1,2,1,
2,1,2,2,1,M
3,2,136,5,2,F
147,1.24,101752,2,,
101753,1,46,6,6,M
56,2,2,,1,F
1,,2,,1,
1,,3,1,1,
,1,1,2,3.13,M
2,2,2,2,2,F
2,,,2,6,
1,0,0,2,,
1,3,2,22887.7791,,
2,46660.9322,54932.6571,14,1,
40119.8656,5,5,10,2,
15,10,2,,2,
2,,5,,0,
1,20,,1,2,
2,1,,5,207465.2153,M
,,,2,15,
,2,1,,10,F
,2,1,5,,F
2,2,2,2,99,F
6,2,2,1,1,F
1,1,2,1,5,M
,1,141,0.5,2,M
147,1.91,101777,1,,
101778,2,64,6,2,F
55,3,1,,0,
1,,1,,1,
2,,3,2,2,
4,1,2,2,0,M
2,2,2,2,1,F
2,,,1,3,
,0,0,4,2,
1,3,2,40362.6444,,
2,16947.9841,21336.9544,10,1,
15072.042,7,7,10,2,
6,10,2,,2,
2,13,3,14,1,
3,91,,1,2,
2,1,,1,63716.5616,M
,5,,2,12,
2,1,1,2,10,M
2,1,2,5,22,M
,4,4,0,107,
3,0,1,1,1,
2,3,,1,,
,1,139,0.8,2,M
138,5,101802,2,1,
101803,2,3,1,4,F
9,4,2,,0,
,1,1,,1,M
2,10,,1,2,
1,1,2,2,1.1,M
1,2,2,2,1,F
2,2,1,0,1,F
,0,3,3,,
2,4,1,14438.7195,1,
2,7769.8483,8243.3495,3,1,
0,15,15,10,2,
9,10,2,,,
2,9,4,10,3,
3,,1,1,4,
2,1,,,24634.9609,M
,,,2,8,
,2,2,1,10,F
1,1,2,2,,M
2,4,4,1,,
2,2,2,1,1,F
1,1,,2,,M
,2,141,1.05,2,F
147,1.74,101827,1,,
101828,2,32,6,6,F
63,3,2,1,2,
1,,1,,3,
1,,,1,2,
4,1,2,2,3.39,M
1,2,2,2,2,F
2,2,1,0,4,F
,0,2,3,,
3,2,1,27359.1001,,F
1,35281.9404,36636.6754,14,1,
30877.5303,6,6,10,2,
7,10,2,,2,
2,,4,,1,
5,,2,1,2,
2,1,,2,48249.8165,M
3,5,2,2,7,
2,2,1,1,10,F
1,1,2,5,,M
2,6,6,2,,
2,0,2,2,1,
2,1,2,1,1,M
2,2,136,5,2,F
141,2.31,101852,1,,
101853,1,30,1,5,M
1,7,1,,0,
2,,1,6,3,
2,,1,1,1,
,1,1,2,1.67,M
1,2,2,2,2,F
2,2,1,0,6,F
,2,0,3,,F
0,3,2,122773.2689,,
1,35232.805,38152.6566,,1,
8903.3799,7,7,10,2,
7,10,2,,2,
2,,4,,0,
2,,2,1,2,
,1,,,18379.4029,M
,,,2,7,
,2,1,1,10,F
1,1,2,3,,M
2,6,6,0,98,
7,0,1,1,1,
2,1,3,2,1,M
,2,138,5,2,F
147,5,101877,2,,
101878,2,50,2,4,F
56,1,1,,0,M
1,,1,,3,
1,,,1,1,
3,1,2,2,1.18,M
2,2,2,2,1,F
2,2,,0,3,F
1,3,3,3,,
0,2,3,24997.9573,,F
2,31162.8177,35546.8526,9,1,
17472.0179,9,9,10,2,
15,10,2,,2,
1,,4,,0,
4,79,,1,2,
2,1,,5,41290.0876,M
,5,,2,7,
,2,1,2,10,F
1,1,2,4,0,M
,3,3,0,167,
4,0,2,1,1,
1,3,,2,,
2,1,144,1.62,2,M
143,0,101902,1,1,
101903,2,33,1,4,F
33,4,2,,1,
1,1,1,,3,M
1,,,1,1,
,1,1,2,1.26,M
1,2,2,,1,F
2,,,1,3,
,0,0,4,,
0,2,1,49451.2644,,F
1,28903.2539,34041.3589,15,1,
52823.4582,15,15,10,2,
15,10,2,,2,
2,11,1,11,2,
2,,2,1,2,
,1,,,18872.1006,M
2,1,,2,9,M
,2,1,1,10,F
1,,,1,,
2,3,3,0,147,
7,0,1,1,1,
1,1,1,1,,M
,1,143,1,2,M
142,2.86,101927,2,,
101928,2,42,4,2,F
6,4,1,,0,
1,,1,3,1,
1,9,,1,2,
,1,1,2,1.7,M
1,2,2,2,2,F
2,2,1,0,6,F
,2,0,1,,F
0,4,2,19206.1591,,
2,15975.3005,17769.462,9,1,
7410.2354,5,5,10,2,
14,10,1,,,
2,,4,,0,
4,213,2,1,3,
,1,,,23450.0332,M
,,,2,15,
,2,1,1,10,F
1,,,4,,
2,2,1,1,34,F
2,0,2,2,1,
1,2,,1,6,F
1,1,135,0.87,2,M
147,,101952,1,1,
101953,1,3,3,5,M
1,1,1,,0,M
1,,1,,1,
1,,,1,1,
3,1,2,2,4.09,M
1,2,2,,2,F
2,2,,0,3,F
,2,1,2,,F
0,2,2,12133.9927,,F
2,11166.093,12469.5381,4,1,
9882.8069,14,14,10,2,
5,10,2,,2,
2,,2,,1,
1,128,,1,3,
,1,,,10826.2998,M
,,,2,7,
,2,2,,10,F
1,1,2,1,,M
2,4,4,0,,
4,0,2,1,1,
2,1,,2,5,M
,1,144,,2,M
144,1.02,101977,1,1,
101978,2,44,4,2,F
1,4,2,,0,
2,,1,,1,
2,,5,1,1,
9,2,2,2,0.66,F
1,2,1,,2,F
2,,,1,4,
1,0,0,2,,
0,1,2,16503.5139,,M
2,186203.1194,196548.5964,15,1,
25573.5335,4,4,10,2,
10,10,2,,2,
1,,2,,0,
3,,,1,3,
2,1,,1,11210.9028,M
,,,2,15,
,2,1,1,10,F
1,1,2,2,,M
,5,5,0,59,
4,0,2,1,1,
2,2,,2,3,F
,1,144,3.69,2,M
140,1.39,102002,1,1,
102003,1,25,7,5,M
13,3,1,,0,
2,,1,,1,
1,,,1,1,
3,1,2,2,1.7,M
2,2,2,2,1,F
2,2,,0,6,F
,0,2,3,,
1,3,1,15224.1771,,
1,17151.3607,17486.7567,1,1,
41221.708,10,10,10,2,
3,10,2,,2,
2,,2,103,1,
2,136,,1,3,
2,1,,1,7388.5357,M
,,,2,99,
,2,,,10,F
1,1,2,2,,M
2,3,1,0,7,
3,0,1,1,1,
1,1,2,2,,M
3,2,144,5,2,F
145,1.32,102027,1,1,
102028,1,24,6,3,M
2,6,2,,0,
2,,2,,2,
1,,4,1,2,
3,1,2,2,1.69,M
1,2,2,,1,F
2,,,3,3,
1,0,0,2,,
1,2,2,13819.3729,,F
2,80510.173,86137.2811,8,1,
62589.4191,15,15,10,2,
14,10,2,,2,
2,,3,,0,
5,,,1,3,
,1,,,29743.1818,M
,6,2,2,8,
,2,1,1,10,F
1,1,2,7,,M
2,2,2,2,,F
1,1,2,2,1,M
1,1,2,2,4,M
,2,145,3.54,2,F
140,2.65,102052,2,2,
102053,1,4,3,4,M
68,3,2,,1,
2,,1,,1,
1,5,,1,2,
1,1,2,2,1.11,M
2,2,2,2,2,F
2,,,0,3,
,0,0,4,,
2,3,2,42269.541,11,
2,66618.1988,68120.0148,14,1,
51799.4272,15,15,10,2,
6,10,2,,,
2,,3,76,1,
3,,2,1,4,
2,1,7,1,9716.1967,M
,,,2,6,
,2,1,1,10,F
1,1,2,4,,M
2,3,3,0,,
7,0,2,1,1,
2,3,,1,,
,2,146,0.02,2,F
140,0.77,102077,1,1,
102078,1,61,4,4,M
60,4,2,,2,
1,,1,5,1,
1,,3,1,2,
4,1,2,2,1.64,M
1,,,,1,
2,,,0,4,
,0,1,2,,
0,1,2,23154.0241,3,M
2,13187.6501,13338.1158,14,1,
62083.3999,7,7,10,2,
5,10,2,,2,
2,,4,,0,
2,,2,2,2,
2,2,5,1,27859.688,F
,,,2,15,
,2,,,10,F
2,2,2,2,,F
,4,4,0,208,
5,0,1,1,1,
2,1,,2,3,M
,1,139,1.52,2,M
142,5,102102,2,1,
102103,1,37,7,5,M
80,3,,,1,
1,,1,,1,
1,,3,1,1,
5,1,2,2,2.03,M
1,2,2,,1,F
,,,2,3,
,1,3,2,,M
0,3,3,43519.2795,,
3,17483.8039,18305.4202,14,1,
31352.0304,99,99,10,2,
10,10,2,,2,
2,,4,,0,
5,,2,1,4,
,1,,,4043.2413,M
,,,2,8,
,2,1,,10,F
,2,2,2,,F
2,4,4,0,228,
1,0,1,,1,
2,1,3,1,3,M
,2,146,,2,F
134,2.68,102127,1,,
102128,1,21,4,2,M
34,1,1,,0,M
1,,1,,2,
2,,4,1,2,
2,2,2,2,0.04,F
2,2,2,2,2,F
2,2,1,1,4,F
1,0,0,2,,
2,3,1,18474.7786,,
2,5567.4413,6128.955,9,1,
11807.5973,14,14,10,2,
15,10,1,,,
2,,1,230,0,
3,5,,1,2,
,2,4,,24188.8237,F
,,,2,77,
,2,1,1,10,F
1,,,5,,
2,3,3,1,,
2,2,2,1,1,F
2,3,,2,,
,2,142,1.93,2,F
148,1.67,102152,1,1,
102153,2,77,1,1,F
41,1,1,,0,M
1,,2,,1,
1,,,1,1,
,2,1,2,0.25,F
2,2,2,,2,F
2,,,1,6,
1,1,0,2,,M
0,1,2,15792.5518,,M
1,19000.7052,22456.3057,99,1,
84361.3246,14,8,10,2,
15,10,2,,2,
2,,3,188,0,
3,,2,1,4,
2,1,,3,25839.641,M
,1,,2,6,M
,2,1,1,10,F
1,1,2,2,,M
,7,6,0,,
1,1,2,2,1,M
1,1,3,2,,M
,1,147,1.22,2,M
144,1.02,102177,1,1,
102178,2,61,4,1,F
42,4,2,,0,
2,,1,,1,
1,,5,1,1,
5,1,2,2,5,M
2,2,2,2,2,F
2,2,1,1,4,F
1,0,0,3,,
2,3,,21210.3777,,
2,25194.8541,24805.1749,7,1,
40821.3723,5,5,10,2,
14,10,2,,2,
2,,3,,0,
3,,2,1,4,
2,1,4,1,17680.9014,M
6,1,2,2,14,M
,2,1,,10,F
1,1,2,3,,M
2,6,6,1,,
2,2,1,1,1,F
1,1,2,2,,M
2,2,139,3.74,2,F
144,0.6,102202,2,1,
102203,2,64,1,2,F
49,3,2,,0,
1,,1,2,1,
1,3,,1,1,
3,1,2,,,M
1,2,2,2,2,F
,,,3,4,
1,0,0,4,,
1,2,3,25909.4187,,F
2,59529.842,57915.9474,6,1,
0,15,15,10,,
,10,2,,2,
2,14,3,14,1,
4,,2,1,3,
2,1,,5,16231.115,M
,5,,2,6,
,2,1,,10,F
2,2,2,7,,F
,2,2,0,,F
4,0,1,1,1,
1,1,2,2,6,M
3,2,140,5,2,F
134,4.93,102227,2,1,
102228,2,11,7,4,F
57,1,1,,0,M
1,,1,,2,
1,9,,1,2,
3,1,1,2,2.11,M
1,2,2,,1,F
2,2,1,0,3,F
,0,1,3,,
2,2,3,20154.1211,,F
3,6431.3208,7122.0691,7,1,
37858.4725,2,2,10,2,F
7,10,2,,2,
2,,4,,0,
3,,2,1,3,
1,1,8,1,12228.2774,M
8,6,,2,15,
,2,1,1,10,F
1,,,7,8,
,4,4,0,,
3,0,1,1,1,
2,1,2,2,1,M
3,2,141,5,2,F
148,4.15,102252,2,1,
102253,2,6,2,6,F
38,1,1,,0,M
2,,1,,3,
2,,1,2,2,
,1,1,2,,M
2,2,2,2,2,F
2,,,0,3,
1,0,0,4,,
1,2,,15331.7277,7,F
3,9657.9339,9755.7629,7,1,
21961.5662,7,7,10,2,
10,10,2,,2,
2,,4,,0,
4,,2,1,4,
,1,,,17613.4348,M
,3,,2,8,
,2,1,1,10,F
1,,,2,,
2,2,1,0,,F
3,0,1,1,1,
2,2,,2,,F
2,1,147,3.03,2,M
144,0.12,102277,2,,
102278,2,36,1,2,F
38,1,2,,0,M
1,,1,,1,
2,,4,1,1,
,1,1,2,0.45,M
2,2,2,2,1,F
2,2,1,0,4,F
1,0,1,4,,
0,2,2,8173.2133,11,F
3,21101.1666,21529.7901,77,1,
19736.5638,,,10,2,
77,10,2,,,
1,,5,,0,
3,74,,1,3,
,1,,,25293.6769,M
,,,2,15,
,2,1,,10,F
1,1,2,7,,M
2,4,4,0,238,
2,1,2,2,1,M
2,1,,2,1,M
2,2,139,1.58,2,F
138,1.02,102302,2,1,
102303,2,8,4,7,F
6,3,1,,0,
2,,1,6,2,
1,,5,1,2,
5,1,2,,,M
1,2,2,,2,F
2,2,1,0,4,F
,1,1,3,1,M
2,2,2,92370.8541,10,F
2,16407.2955,16747.2322,6,1,
13830.811,6,6,10,2,
14,10,2,,2,
2,,3,176,1,
3,,2,1,4,
2,1,,1,23856.1818,M
,,,2,4,
,2,1,1,10,F
2,1,2,2,,M
2,4,4,0,237,
5,0,2,1,1,
2,1,,2,,M
,1,139,1.09,2,M
134,0.74,102327,1,1,
102328,2,80,3,1,F
72,1,2,2,2,M
2,,1,10,1,
1,,4,1,1,
,1,1,2,,M
2,2,2,2,1,F
2,2,1,2,6,F
1,0,0,3,,
0,2,3,187870.4357,,F
1,8166.7408,9780.7693,4,1,
270740.3718,15,15,10,2,
99,10,2,,2,
2,,3,,0,
2,,2,1,3,
2,1,,3,42051.0145,M
,6,2,2,14,
2,2,1,1,10,F
1,1,2,2,,M
,4,1,0,,
5,1,2,1,1,M
2,1,3,1,6,M
1,1,147,1.37,2,M
137,0.77,102352,1,1,
102353,1,64,3,1,M
11,3,2,,0,
2,,1,,1,
2,,2,2,2,
,1,1,2,1.05,M
2,2,2,,2,F
,2,1,1,4,F
1,0,1,2,,
0,2,2,56639.0582,,F
2,48792.2279,56232.6786,7,1,
0,8,4,10,2,
15,10,2,,2,
2,,1,226,0,
4,,2,1,4,
2,1,,1,147629.828,M
6,6,3,2,13,
,2,1,1,10,F
1,1,2,2,,M
2,2,1,2,,F
4,1,2,2,1,M
2,1,,2,,M
,1,143,0.49,2,M
146,,102377,2,2,
102378,2,40,1,3,F
71,2,2,,2,F
1,2,1,,1,F
1,,4,1,2,
5,1,2,2,5,M
2,2,2,2,1,F
2,2,,1,7,F
1,1,3,3,,M
2,2,1,9900.0573,,F
2,25276.1151,24376.9259,4,1,
42566.6147,15,15,10,2,
5,10,1,,,
2,,5,,0,
3,,2,1,4,
2,1,,5,80024.5098,M
,,,2,4,
,2,1,1,10,F
1,1,2,1,,M
,2,2,1,,F
5,0,1,1,1,
2,1,1,1,6,M
,2,140,2.02,2,F
139,0.41,102402,1,1,
102403,1,7,6,4,M
16,3,2,,0,
2,,2,,2,
1,4,,1,1,
4,1,2,2,3.08,M
1,2,2,,1,F
2,,,2,1,
1,0,1,3,1,
0,4,1,36475.9735,5,
2,15319.442,15551.9681,5,1,
7154.2747,,,10,2,
3,10,2,,2,
2,,1,237,0,
2,,2,2,4,
2,1,,1,76458.3621,M
,1,,2,15,M
,2,2,1,10,F
1,2,2,2,,F
,6,6,0,,
2,2,2,2,1,F
1,3,,1,6,
,2,145,0.74,2,F
138,1.88,102427,1,2,
102428,1,41,3,3,M
38,1,1,,0,M
,,1,,1,
1,13,,1,1,
4,1,2,2,1.77,M
1,2,2,2,2,F
2,2,1,0,3,F
,1,1,2,,M
0,3,2,90249.7179,,
2,20595.7168,21289.7544,5,1,
0,7,7,10,2,
8,10,2,,2,
2,,3,160,0,
3,,2,1,3,
2,1,,3,34969.5491,M
,3,,2,3,
,2,1,1,10,F
1,,,6,,
2,2,2,2,40,F
5,0,1,1,1,
2,1,3,2,6,M
,2,139,2.15,2,F
140,1.76,102452,2,1,
102453,1,13,4,5,M
34,1,1,,0,M
2,,1,,1,
2,,3,1,2,
4,1,2,2,2.43,M
2,2,2,2,2,F
2,2,,1,3,F
1,0,3,3,,
0,2,3,19522.8931,,F
1,22218.2868,25723.8791,1,1,
21860.0266,14,14,10,2,
14,10,2,,2,
2,,3,,0,
4,,2,1,3,
,1,4,,15997.8644,M
,1,,2,14,M
,2,1,,10,F
2,2,2,4,,F
2,6,6,0,,
3,0,1,1,1,
2,2,,1,6,F
1,2,148,0.49,2,F
139,2.06,102477,1,,
102478,1,60,4,3,M
29,3,,,0,
1,,1,,1,
1,3,,1,2,
5,1,2,2,5,M
2,2,2,2,2,F
2,2,,1,3,F
,0,0,4,,
2,3,3,37260.1218,13,
3,11708.4458,13545.666,15,1,
23874.0351,6,6,10,2,
15,10,2,,2,
1,0,5,,1,
4,,2,1,2,
2,1,,1,9227.4947,M
,1,,2,15,M
,2,1,1,10,F
1,,,4,,
2,2,2,2,199,F
5,1,1,1,1,M
2,1,2,2,,M
,1,137,0.93,2,M
141,1.67,102502,1,,
102503,1,3,3,4,M
80,3,2,,1,
2,,1,,2,
2,,1,2,1,
3,1,2,2,,M
2,,,2,1,
2,2,2,2,3,F
,0,2,2,,
0,3,,36140.3562,,
2,36063.6001,35090.0226,6,1,
26376.6718,14,14,10,2,
7,10,2,,2,
2,,3,,0,
2,,2,1,4,
2,7,6,6,24139.97,
,,,2,15,
,2,1,1,10,F
1,1,2,4,,M
2,2,2,1,1,F
4,0,1,1,2,
2,1,1,1,1,M
1,1,137,1.47,2,M
147,3.03,102527,2,,
102528,1,64,3,2,M
80,4,1,,2,
,,1,,2,
1,5,,1,2,
4,1,2,2,1.73,M
2,,,2,1,
2,,,0,7,
,1,1,2,,M
0,2,2,14545.8473,,F
2,15973.3071,14752.3789,15,1,
30195.8057,15,15,10,2,
15,10,2,,2,
2,,5,,0,
2,,2,2,4,
,1,,,10716.6712,M
,1,,2,5,M
,2,2,,10,F
1,,,3,,
2,5,5,0,,
2,0,1,1,2,
1,1,,2,,M
,1,138,0.79,2,M
145,0,102552,2,1,
102553,1,50,6,1,M
66,7,2,,1,
,,1,,2,
1,,4,1,1,
4,1,2,2,3.25,M
1,2,2,,1,F
2,2,2,2,7,F
1,0,1,2,,
2,3,3,9054.0657,,
2,22646.9086,27796.6172,,1,
4179.2212,13,13,10,2,
9,10,2,,,
2,,3,153,0,
5,87,,1,3,
2,1,,5,44563.3073,M
,,,2,4,
,2,1,1,10,F
1,1,2,6,,M
,2,2,2,,F
1,0,1,3,2,
1,2,,2,,F
2,2,142,3.56,2,F
141,5,102577,1,1,
102578,1,70,4,1,M
63,3,1,,2,
1,,2,,3,
1,,4,1,1,
,1,1,2,0.8,M
1,2,2,,1,F
2,,,0,1,
,0,0,4,,
1,3,1,33479.2681,,
1,22105.7771,0,8,1,
32932.2021,5,5,10,2,
4,10,2,,,
2,,3,,0,
5,168,,1,3,
2,1,5,1,24969.0683,M
,,,2,9,
,2,1,1,10,F
1,,,5,,
2,2,2,2,,F
2,1,2,2,1,M
2,1,3,1,1,M
3,1,142,5,2,M
141,0.9,102602,2,,
102603,2,4,7,4,F
16,6,1,,0,
2,,1,,1,
1,,3,1,1,
,1,2,2,5,M
1,2,2,,2,F
2,2,,0,6,F
,1,2,2,,M
0,4,2,46420.4004,,
2,37456.7877,37015.469,7,1,
18680.9058,15,15,10,,
,10,2,,2,
2,,3,,0,
3,,2,1,4,
2,1,9,3,23031.2456,M
,1,,2,14,M
,2,,1,10,F
1,1,2,7,,M
2,6,6,0,,
1,1,1,2,1,M
2,2,,1,1,F
3,1,141,5,2,M
137,1.74,102627,2,1,
102628,2,69,3,1,F
73,2,2,,1,F
2,,1,,1,
1,,4,1,1,
,1,2,2,4.32,M
2,2,2,,1,F
2,2,,0,6,F
1,1,0,3,,M
1,3,2,16423.6188,,
3,5806.5276,6162.8821,9,1,
128054.1158,7,7,10,2,
7,10,2,,2,
2,,3,,0,
5,,2,1,3,
,1,,,58177.4643,M
,1,,2,15,M
,2,1,1,10,F
1,1,2,6,,M
2,3,3,1,,
4,1,1,3,1,M
1,1,1,1,2,M
,2,139,5,2,F
139,5,102652,1,1,
102653,2,25,2,4,F
5,1,1,,0,M
1,,1,,1,
2,,5,1,2,
4,1,2,2,4.41,M
1,2,2,2,2,F
1,,,0,1,
,0,0,2,,
0,4,2,250172.8347,6,
3,71742.6757,73360.0159,15,1,
31044.271,14,14,10,2,
10,10,2,,2,
2,,3,,0,
1,,2,2,3,
2,1,,6,31253.8325,M
,5,,2,99,
,2,1,,10,F
1,,,1,,
2,3,3,1,,
2,0,1,1,1,
1,1,3,1,6,M
,1,143,1.16,2,M
135,5,102677,1,1,
102678,1,6,7,7,M
80,3,2,2,2,
2,2,1,,1,F
1,,,1,2,
5,1,2,2,1.36,M
2,2,2,2,1,F
2,2,1,0,3,F
1,1,2,2,,M
0,3,2,35511.11,,
,6426.3138,6199.6615,9,1,
26294.3941,3,3,10,2,
6,10,2,,2,
2,,3,109,0,
3,147,,1,3,
,1,,,13964.9845,M
,3,,2,4,
,2,1,1,10,F
1,1,2,5,,M
2,2,2,2,177,F
7,0,2,2,1,
2,3,,1,5,
3,1,134,3.66,2,M
145,3.05,102702,1,1,
102703,2,12,1,4,F
52,3,2,,0,
2,,1,10,1,
2,,5,1,2,
3,1,2,2,0.61,M
2,2,2,2,1,F
2,2,1,0,3,F
,0,0,4,,
0,2,,22188.9802,1,F
2,6476.2335,6655.5809,77,1,
21932.319,7,1,10,2,
7,10,2,,,
2,,2,164,0,
4,,2,1,4,
2,2,4,1,22002.4049,F
,,,2,14,
,2,1,1,10,F
2,2,2,2,,F
2,6,6,2,,
2,2,2,2,2,F
1,2,,2,,F
,1,140,0.87,2,M
144,0.94,102727,1,1,
102728,1,16,3,5,M
61,3,2,,2,
1,,2,,1,
1,,5,1,2,
5,1,2,2,1.85,M
2,,,2,2,
2,2,1,0,4,F
1,2,1,2,,F
1,3,3,10234.3188,,
2,39409.3407,39712.4032,7,1,
0,99,99,10,2,
5,10,1,,,
2,,5,222,0,
1,,,1,4,
2,1,,1,47282.511,M
,,,2,13,
,2,1,,10,F
1,1,2,3,,M
2,3,3,0,109,
7,0,2,1,2,
2,1,3,2,1,M
3,1,137,,2,M
136,,102752,2,,
102753,1,50,3,2,M
50,4,2,,0,
2,,1,6,1,
1,,3,1,2,
,1,1,2,3.77,M
2,2,1,1,2,F
2,2,1,0,1,F
,1,0,2,,M
0,2,2,29318.2718,,F
2,56525.3325,59372.6723,6,1,
16698.9501,14,14,10,2,
8,10,2,,2,
2,,5,,0,
3,132,,1,2,
2,1,,1,293906.2627,M
2,,,2,5,
,2,2,1,10,F
1,1,2,2,,M
2,4,4,0,,
2,2,1,1,1,F
2,,,1,5,
,2,135,0.61,2,F
145,1.89,102777,2,1,
102778,2,67,4,2,F
57,3,2,,0,
1,,1,1,1,
1,,2,1,2,
,1,1,2,3.13,M
2,2,2,,1,F
2,,,0,3,
1,0,0,3,,
2,3,3,11070.8057,,
3,18923.292,19164.4875,14,1,
18356.943,77,77,10,2,
7,10,2,,2,
2,,4,,0,
3,,2,1,3,
2,1,,1,33303.8935,M
9,6,,2,7,
,2,1,,10,F
1,,,2,,
2,4,4,2,,
2,1,1,1,1,M
2,1,,1,3,M
,2,138,5,2,F
146,1.94,102802,1,1,
102803,2,9,4,7,F
30,1,,,0,M
1,,1,,3,
1,,,1,1,
4,1,2,2,4.27,M
2,2,2,2,1,F
,2,1,0,2,F
1,0,1,3,,
0,3,2,25542.409,,
3,12947.5042,14019.9225,15,1,
16345.8375,9,9,10,2,
15,10,2,,2,
2,,2,,0,
3,33,,1,3,
,1,,,14745.9802,M
,1,,2,15,M
,2,1,1,10,F
1,1,2,3,,M
2,5,5,0,,
1,0,2,2,1,
2,1,3,2,1,M
2,2,145,2.28,1,F
141,,102827,1,1,
102828,2,80,4,2,F
2,3,2,,0,
2,,1,2,1,
2,,1,1,1,
3,1,2,2,0.65,M
2,2,2,2,1,F
2,2,1,0,4,F
,2,0,2,,F
2,4,,44003.6814,13,
2,20197.0318,20209.154,1,1,
25010.6529,8,8,10,2,
14,10,2,10,,
2,,2,,0,
5,85,,1,2,
,1,,,13392.3641,M
,,,2,6,
,2,1,1,10,F
1,1,2,2,,M
2,4,4,0,16,
6,0,2,1,1,
2,2,,2,1,F
3,2,134,5,2,F
135,5,102852,2,2,
102853,1,45,3,2,M
45,7,1,,0,
1,,2,,1,
2,,2,1,2,
,2,1,2,0.37,F
2,,,2,2,
,2,,0,6,F
1,0,0,4,,
3,3,2,71999.5288,,
2,11180.1845,10461.2333,15,2,
8859.1719,8,8,10,,
,10,2,,2,
2,,3,,0,
5,212,2,1,3,
2,2,3,1,12818.648,F
,3,,2,3,
,2,1,1,10,F
1,,,5,,
2,4,4,0,,
2,2,1,1,1,F
1,1,2,2,5,M
,1,139,1.74,2,M
135,5,102877,2,1,
102878,1,61,1,2,M
21,3,2,,0,
2,,2,,1,
1,,,1,1,
,1,1,2,1.46,M
2,2,2,2,1,F
2,2,2,0,4,F
1,0,2,2,,
1,3,3,24444.543,,
2,7808.4191,7779.6758,8,1,
0,,,10,2,
1,10,2,,2,
2,,1,114,0,
1,,2,1,3,
2,1,,3,80406.129,M
,1,,2,4,M
,2,1,1,10,F
1,,,6,20,
,3,3,0,124,
4,0,2,2,1,
2,2,,2,,F
,1,139,1.1,2,M
144,2.46,102902,1,,
102903,2,20,4,3,F
75,3,1,,2,
2,,1,7,1,
1,3,,1,2,
4,1,2,,,M
2,2,2,2,1,F
2,2,1,0,3,F
,0,0,4,,
0,3,2,33095.1489,5,
2,28971.195,31666.8713,8,1,
179356.5347,14,14,10,2,
15,10,2,,2,
2,,2,,0,
4,,2,1,4,
2,1,,1,33839.9388,M
,,,2,15,
,2,1,1,10,F
2,,,3,,
2,6,6,0,,
3,0,1,1,1,
2,2,,1,,F
3,2,143,5,2,F
144,5,102927,1,,
102928,1,0,2,3,M
60,4,2,,2,
2,,1,,2,
1,5,,1,2,
,1,1,2,5,M
2,2,2,2,1,F
2,2,1,1,3,F
1,0,0,2,,
1,3,2,7320.1847,,
3,41043.9129,42618.8229,15,1,
23804.1946,4,4,10,2,
4,10,1,,,
2,,1,180,2,
3,11,,1,2,
2,1,,6,27858.0794,M
7,1,,2,14,M
,2,2,1,10,F
1,,,4,,
2,1,1,1,,M
4,0,1,1,1,
2,1,,2,1,M
2,2,136,2.13,2,F
142,1.75,102952,2,1,
102953,1,42,1,1,M
41,4,1,,0,
2,,1,8,1,